How many employees does your company or organization have?,Is your employer primarily a tech company/organization?,Is your primary role within your company related to tech/IT?,Is your anonymity protected if you choose to take advantage of mental health or substance abuse treatment resources provided by your employer?,Was your anonymity protected if you chose to take advantage of mental health or substance abuse treatment resources with previous employers?,Do you think that discussing a mental health disorder with previous employers would have negative consequences?,Would you bring up a mental health issue with a potential employer in an interview?,How willing would you be to share with friends and family that you have a mental illness?,Do you currently have a mental health disorder?,Have you been diagnosed with a mental health condition by a medical professional?,Have you ever sought treatment for a mental health issue from a mental health professional?,"If you have a mental health issue, do you feel that it interferes with your work when being treated effectively?","If you have a mental health issue, do you feel that it interferes with your work when NOT being treated effectively?",What is your age?,What is your gender?,Which of the following best describes your work position?,Do you work remotely?,Benefits Or Help Provided for Mental Health,Previously provided benefits for Mental Health,Comfort of discussing mental health,Consequences of discussing mental health,History of mental issues,Willingness to discuss mental health with previous employers,"Fear of others behavior, if mentally ill",Saw negative attitude towards mental health problems (Current or Previous Workplace),Employee Mental Health across different Workplace Environments,Mental Health Stigma and its impact on Employee Performance,Evaluating the effectiveness of workplace support,Overall Clusters
3,1,1,1,1,1,1,1,0,1,0,0,0,39,1,1,1,0,2,3,0,2,2,2,0,0,0,0,1
2,1,1,2,2,0,0,1,2,1,1,1,1,29,1,1,0,6,4,3,0,4,1,2,0,1,0,1,0
2,1,1,1,1,1,2,1,0,0,1,0,0,38,1,1,2,0,2,2,1,1,2,2,2,0,1,0,1
3,1,1,1,1,1,1,1,2,1,1,1,1,43,1,1,1,2,2,3,1,2,2,2,1,0,0,0,2
2,0,1,0,1,1,0,1,2,1,1,1,1,43,2,1,1,4,3,1,2,4,1,2,3,0,2,2,2
6,1,1,2,1,2,1,1,2,0,1,0,2,42,1,1,1,5,2,3,3,0,0,2,3,1,1,2,0
3,1,1,1,1,0,2,0,0,0,0,0,0,30,1,1,1,1,3,3,0,0,3,2,0,0,1,0,1
6,1,1,2,1,1,0,1,2,1,1,1,2,37,2,1,2,6,4,3,0,4,2,2,3,1,2,1,0
3,0,1,1,1,2,1,1,2,1,1,1,2,44,2,1,1,1,3,3,2,4,0,3,2,0,2,0,2
3,1,1,1,1,1,1,2,2,1,1,1,2,30,1,1,2,2,2,3,1,4,2,2,0,0,0,0,2
3,1,1,2,0,1,2,2,2,1,1,1,2,28,1,1,0,7,1,3,0,3,1,2,3,1,2,1,0
4,0,1,1,1,2,0,0,2,1,1,0,1,34,1,1,1,5,1,0,2,4,0,2,0,1,0,2,0
4,1,1,2,2,0,0,1,2,1,1,1,1,30,2,1,2,3,5,4,0,4,3,0,0,0,0,2,2
4,0,1,2,1,2,0,0,1,0,0,0,1,44,1,1,1,8,2,1,0,1,2,2,3,1,1,1,0
4,1,1,2,1,1,0,1,2,1,1,1,1,35,1,1,2,5,1,4,0,4,1,0,0,1,0,2,0
4,1,1,1,1,1,1,1,2,1,1,1,1,52,1,1,1,2,4,2,1,4,2,2,0,0,0,0,2
3,1,1,1,0,2,0,2,2,1,1,1,2,32,2,1,2,0,0,2,1,4,0,3,3,0,2,0,2
5,1,1,1,1,1,0,1,0,0,0,0,0,34,1,1,0,0,2,3,1,0,2,2,1,0,1,0,1
3,1,1,1,1,1,0,1,2,1,1,2,2,25,2,1,2,2,2,3,1,3,2,4,2,0,2,0,2
4,0,1,1,1,2,0,1,2,1,1,1,1,31,1,1,1,1,3,0,2,4,0,2,0,0,0,0,2
2,1,1,1,2,0,0,1,0,0,0,0,0,26,1,1,1,0,4,3,0,3,2,2,1,0,0,0,2
6,0,1,1,2,0,0,1,0,0,0,0,0,35,1,1,0,5,5,3,0,0,2,2,0,1,1,2,0
3,1,1,1,1,1,1,1,0,0,0,0,0,25,1,1,1,4,4,1,1,2,2,2,0,0,0,2,1
1,1,1,1,1,1,0,1,0,1,1,1,2,33,1,1,1,4,4,2,1,4,2,2,3,0,2,2,2
3,1,1,1,1,1,1,0,0,0,0,0,0,38,1,1,1,2,1,3,1,0,2,2,1,0,1,0,1
4,0,1,2,1,1,1,2,0,0,0,0,0,42,1,1,0,7,2,2,0,0,2,2,1,1,1,1,0
3,0,1,1,1,1,1,1,2,1,1,1,2,27,1,1,1,0,2,0,2,3,1,2,1,0,0,0,2
4,1,1,1,1,1,0,1,1,0,1,1,2,35,1,1,0,1,1,0,0,0,0,2,2,0,1,0,1
5,0,1,1,1,1,0,1,1,0,1,1,2,34,2,1,0,5,1,2,2,4,0,2,4,1,2,2,0
2,1,1,2,1,1,0,1,2,1,1,1,2,32,3,1,0,0,1,4,0,4,0,2,3,0,2,0,2
4,1,1,1,1,1,1,2,2,1,1,1,2,32,3,1,0,2,2,2,1,4,2,2,1,0,0,0,2
4,1,1,2,2,0,0,2,2,1,1,2,1,30,1,1,1,6,4,4,0,2,3,1,0,1,0,1,0
6,1,1,1,1,1,0,1,1,0,0,1,2,31,1,1,0,2,2,1,1,3,2,2,0,0,0,0,2
3,1,1,1,1,1,1,1,0,0,0,0,0,37,1,1,1,2,1,3,1,0,3,2,0,0,1,0,1
3,1,1,2,1,1,2,1,2,0,0,0,1,36,1,1,1,4,1,3,0,2,0,2,1,0,0,2,0
4,1,1,1,1,1,0,1,0,0,0,0,0,33,1,1,0,2,1,0,2,0,1,2,0,0,1,0,1
3,1,1,2,1,1,2,1,2,1,1,1,2,44,1,1,2,5,4,3,0,4,2,2,3,1,2,2,0
4,1,1,1,0,1,1,1,1,0,0,0,1,29,1,1,0,2,2,4,0,0,2,2,4,0,1,0,1
4,1,1,1,1,1,1,2,1,1,1,1,1,29,1,1,1,3,1,3,0,4,2,2,0,0,0,2,2
6,1,1,1,1,1,2,2,0,0,0,0,0,44,1,1,2,6,2,4,2,1,4,2,3,1,1,1,0
3,1,1,1,2,1,0,1,2,0,0,1,1,34,1,1,1,2,3,3,1,4,3,2,3,0,2,0,2
4,1,1,2,2,1,1,1,2,0,1,1,1,40,1,1,2,4,4,3,0,3,2,2,2,1,2,2,0
6,1,1,2,1,1,0,2,2,0,1,2,2,46,3,1,0,3,2,4,2,4,4,2,1,1,0,2,2
3,1,1,1,1,1,0,1,2,0,1,1,2,28,1,1,1,2,1,3,1,4,2,2,3,0,2,0,2
6,0,1,0,0,1,0,1,0,0,0,0,0,41,1,1,0,1,1,0,1,0,1,2,0,0,1,0,1
2,1,1,1,0,2,0,1,2,1,1,1,2,33,1,1,1,7,1,2,1,4,0,2,3,1,2,1,0
3,1,1,1,1,1,1,2,2,1,1,1,2,32,1,1,1,2,4,3,1,4,3,2,3,0,2,0,2
2,1,1,1,1,1,1,1,1,0,0,0,1,45,1,1,1,2,3,1,1,2,2,2,0,0,0,0,1
3,1,1,1,1,1,2,1,1,1,1,0,0,43,1,1,1,2,2,3,1,4,1,2,2,0,2,0,2
2,1,1,2,2,1,0,1,2,1,1,2,2,37,2,1,2,4,6,3,0,1,2,2,1,0,1,2,1
3,1,1,1,1,1,0,1,2,1,1,1,2,37,1,1,0,0,1,0,1,3,0,3,1,0,0,0,2
2,1,1,2,2,1,2,1,0,0,0,0,0,27,1,1,1,4,3,4,1,2,2,2,2,0,2,2,1
3,1,1,1,1,2,1,0,0,0,0,0,0,31,1,1,1,2,4,3,1,0,4,2,0,0,1,0,1
6,1,1,1,2,1,0,1,2,1,1,0,1,36,1,1,1,6,6,3,1,4,2,2,3,1,2,1,0
5,0,1,1,1,1,0,1,1,1,1,1,2,34,1,1,2,4,2,2,1,1,2,2,0,1,1,2,0
3,1,1,1,1,1,1,1,1,1,1,1,2,30,1,1,0,6,2,4,0,3,2,2,0,1,0,1,0
4,0,1,2,2,1,0,1,1,0,0,1,2,32,1,1,0,5,2,3,1,3,0,2,1,1,0,2,0
2,0,1,1,1,1,0,1,1,0,0,0,0,40,2,1,1,3,2,1,0,2,1,2,0,0,0,2,1
4,0,1,1,1,1,1,0,0,0,0,0,0,40,1,1,1,1,1,1,1,1,2,2,0,0,1,0,1
6,1,1,1,1,1,1,1,1,0,0,1,1,41,3,1,1,7,1,3,0,1,1,2,1,1,1,1,0
3,0,1,1,1,2,1,1,1,1,1,1,2,27,1,1,0,0,2,1,2,2,2,2,2,0,2,0,2
3,1,1,1,1,1,1,1,0,0,0,0,0,30,1,1,1,4,1,4,0,0,3,2,2,0,1,2,1
3,1,1,1,1,1,0,1,1,0,0,0,0,29,1,1,2,2,1,3,1,2,1,2,2,0,2,0,2
3,1,1,1,2,1,0,1,0,0,0,0,0,38,1,1,1,2,3,3,1,0,0,2,0,0,1,0,1
3,1,1,1,1,1,0,0,0,0,0,0,0,35,1,1,1,2,3,3,1,0,0,2,0,0,1,0,1
6,1,1,1,0,2,0,1,2,1,1,2,2,29,1,1,2,7,3,0,1,4,1,2,3,1,2,1,0
4,1,1,2,1,1,0,1,0,0,0,0,0,28,1,1,0,4,2,1,1,3,2,2,1,1,0,2,0
3,0,1,2,1,0,0,2,1,1,1,1,2,27,1,1,1,3,3,2,0,3,3,2,0,0,0,2,2
3,1,1,1,1,1,1,0,0,0,1,0,0,39,1,1,1,2,1,3,1,2,2,2,2,0,2,0,1
4,1,1,1,1,1,1,1,0,0,0,0,0,28,1,1,1,4,2,2,0,0,2,2,0,1,1,2,1
2,0,1,1,1,2,0,0,0,0,0,0,0,46,1,1,1,1,2,0,2,2,0,2,0,0,0,0,1
1,1,1,1,1,1,2,2,0,1,1,0,0,40,1,1,1,1,2,4,0,2,4,2,0,0,0,0,1
3,1,1,2,1,1,0,1,1,0,0,0,1,37,1,1,2,4,2,3,0,3,2,2,0,0,0,2,0
3,1,1,1,1,0,0,1,0,0,0,0,0,41,1,1,1,0,2,3,0,2,4,2,0,0,0,0,1
3,1,1,1,1,1,0,1,2,0,0,0,0,19,1,1,0,2,2,3,1,3,2,2,1,0,0,0,2
2,1,1,0,0,1,1,1,0,0,0,0,0,38,2,1,0,2,3,3,0,0,2,2,0,0,1,0,1
3,1,1,1,1,1,0,1,0,0,0,0,0,33,1,1,1,3,4,0,1,0,2,2,0,0,1,2,1
3,1,1,2,2,1,1,2,2,1,1,1,1,33,1,1,2,6,4,3,0,4,2,2,0,1,0,1,0
1,1,1,2,1,1,0,1,0,0,0,0,0,21,1,1,0,5,1,3,0,0,2,2,0,0,1,2,1
1,1,1,1,0,2,0,1,2,0,0,2,2,36,1,1,0,0,2,0,2,4,0,2,3,0,2,0,2
3,1,1,1,2,1,0,1,2,1,1,0,1,39,1,1,1,2,1,3,1,4,2,2,2,0,2,0,2
3,1,1,2,1,1,1,1,0,0,0,0,0,35,1,1,1,3,2,3,0,0,2,2,0,0,1,2,1
3,1,1,1,2,1,0,2,2,1,1,1,1,36,1,1,1,2,5,3,1,4,2,2,2,0,2,0,2
2,1,1,1,1,1,2,1,1,0,0,0,0,45,1,1,0,3,2,1,1,1,0,2,2,0,1,2,1
3,1,1,1,1,1,0,1,1,0,0,0,1,41,1,1,0,1,3,2,1,1,2,2,0,0,1,0,1
3,1,1,1,1,1,1,1,2,1,1,1,2,35,1,1,1,3,2,0,1,3,2,4,2,0,2,2,2
3,1,1,1,1,1,1,1,1,1,1,1,2,30,1,1,1,2,2,3,1,2,2,1,0,0,0,0,1
3,1,1,2,1,1,0,2,2,1,1,1,2,24,2,1,1,6,2,2,0,4,2,2,0,1,0,1,0
4,0,1,1,1,1,0,1,0,1,1,0,1,33,1,1,0,0,1,0,1,3,0,2,0,0,0,0,1
6,1,1,1,1,1,0,1,1,1,1,1,2,35,1,1,1,7,7,2,1,4,2,2,0,1,0,1,0
2,1,1,1,1,2,1,1,2,0,0,1,1,26,1,1,1,3,1,3,0,0,0,2,1,0,1,2,1
2,1,1,1,1,1,2,0,0,0,0,0,1,17,1,1,2,0,1,2,3,0,1,2,2,0,1,0,1
2,0,1,1,2,0,1,1,2,1,1,1,2,29,2,1,1,2,1,3,0,2,1,2,0,0,0,0,1
4,1,1,1,1,0,0,1,2,1,1,1,2,26,1,1,1,4,3,2,0,4,2,2,0,1,0,2,0
3,1,1,1,1,1,0,0,0,0,0,0,0,36,2,1,2,3,8,2,0,0,2,2,3,0,1,2,1
3,1,1,2,1,1,1,1,0,0,0,0,0,46,1,1,1,5,2,0,0,1,2,2,0,1,1,2,0
3,1,1,1,1,1,1,1,2,0,0,0,0,39,1,1,1,2,3,3,1,4,2,2,3,0,2,0,2
4,1,1,1,1,1,0,1,2,1,1,1,2,28,2,1,1,4,1,3,1,4,2,2,0,1,0,2,2
5,1,1,1,1,2,0,0,0,0,0,0,0,40,1,1,1,4,2,0,1,0,0,2,1,1,1,2,1
4,1,1,1,1,1,0,2,2,1,1,2,2,23,1,1,1,1,2,3,2,3,2,2,0,0,0,0,2
2,1,1,1,1,1,2,1,0,0,0,0,0,30,1,1,1,2,1,4,0,2,4,2,0,0,0,0,1
3,1,1,1,2,1,0,1,0,0,0,0,0,28,2,1,1,4,4,0,1,3,0,2,0,0,0,2,1
3,1,1,1,1,1,0,1,1,0,0,0,1,27,1,1,0,1,2,2,3,2,2,2,1,0,0,0,1
3,1,1,1,1,1,0,1,1,1,1,2,2,31,1,1,2,2,1,3,1,2,2,2,1,0,0,0,2
3,1,1,1,1,1,1,1,1,0,1,1,1,39,2,1,0,4,2,1,1,4,2,2,1,0,0,2,2
6,1,1,2,2,1,1,1,2,1,1,1,1,34,2,1,2,6,6,2,1,2,1,2,1,1,0,1,0
2,1,1,2,1,1,0,1,2,1,1,1,2,30,1,1,1,4,2,2,0,2,2,2,0,0,0,2,1
3,1,1,1,1,1,2,1,2,1,1,1,2,30,1,1,0,2,2,3,1,3,2,2,0,0,0,0,2
3,1,1,2,1,1,0,1,2,1,1,1,2,30,1,1,2,8,5,4,0,4,1,2,0,1,0,1,0
6,1,1,1,1,1,0,1,1,0,0,0,0,32,1,1,1,4,2,0,2,3,2,2,0,1,0,2,0
3,1,1,1,1,1,1,1,0,0,1,0,1,22,1,1,1,2,2,3,1,2,2,3,2,0,2,0,1
3,1,1,1,1,2,2,1,2,1,0,1,2,37,2,1,2,2,2,3,1,4,2,2,3,0,2,0,2
3,0,1,2,1,1,1,1,0,0,0,0,0,51,1,1,1,6,1,2,1,0,2,2,0,1,1,1,0
3,0,1,1,1,1,1,2,2,1,1,1,2,26,1,1,1,1,1,3,0,4,2,1,0,0,0,0,2
3,1,1,2,1,1,0,2,0,1,1,0,2,41,2,1,1,8,3,4,0,4,1,2,3,1,2,1,0
4,1,1,1,1,1,0,1,2,1,1,0,2,39,2,1,1,3,2,2,0,4,2,2,0,0,0,2,2
2,1,1,0,1,1,0,1,1,1,1,1,1,43,1,1,1,2,3,0,1,4,1,2,1,0,0,0,2
5,1,1,1,1,1,2,2,1,0,0,1,1,30,1,1,1,2,4,4,0,2,2,2,0,0,0,0,1
3,1,1,1,1,1,0,0,0,0,0,0,0,24,2,1,1,7,3,3,0,1,0,2,0,1,1,1,0
3,1,1,1,1,1,0,1,2,1,1,0,0,30,1,1,1,2,4,3,1,2,0,2,0,0,0,0,1
3,0,1,1,1,2,0,1,2,1,1,1,2,28,3,1,1,2,4,1,2,4,0,2,2,0,2,0,2
3,1,1,1,1,1,0,1,2,1,1,1,1,48,2,1,1,2,2,3,1,3,1,2,2,0,2,0,2
3,1,1,1,2,1,1,1,1,0,1,1,2,55,2,1,2,2,4,3,1,3,2,2,3,0,2,0,2
1,0,1,1,1,1,0,1,1,0,1,0,2,36,2,1,1,3,8,2,2,2,2,2,3,0,2,2,2
3,1,1,1,1,1,2,1,0,0,0,0,0,38,1,1,1,2,2,3,1,0,2,2,0,0,1,0,1
4,1,1,1,1,1,1,2,0,0,0,0,0,34,1,1,1,3,3,4,1,0,2,2,1,0,1,2,1
3,1,1,0,1,1,0,1,0,0,0,0,0,44,2,1,1,2,1,1,1,0,0,2,0,0,1,0,1
6,0,1,1,1,1,0,1,1,1,1,1,1,45,1,1,1,3,3,1,1,3,2,2,0,1,0,2,0
2,1,1,1,0,2,0,0,1,1,1,1,2,45,1,1,1,3,4,1,2,3,0,2,3,0,2,2,2
5,1,1,1,1,1,0,1,2,1,1,0,1,30,1,1,1,1,1,3,2,4,2,2,3,0,2,0,2
6,0,1,2,1,1,0,1,2,1,1,1,1,34,1,1,1,4,4,3,1,3,0,2,3,1,2,2,0
6,1,1,1,1,1,0,1,0,0,0,0,0,37,1,1,1,4,2,3,0,2,2,2,1,1,0,2,0
6,0,1,2,1,1,1,0,0,0,0,0,0,38,1,1,1,4,3,1,1,0,1,2,0,1,1,2,1
3,1,1,1,1,1,0,1,1,1,1,1,1,31,1,1,1,3,2,1,0,0,1,2,0,0,1,2,1
3,1,1,1,1,0,1,1,0,0,0,0,0,33,1,1,2,3,5,4,0,0,4,2,0,0,1,2,1
4,1,1,1,1,1,0,1,2,1,1,1,1,29,2,1,1,5,5,0,2,3,2,2,1,1,0,2,0
4,1,1,2,1,1,1,2,2,1,1,1,1,35,1,1,1,8,4,4,0,4,2,2,3,1,2,1,0
1,1,1,0,1,2,0,1,2,1,1,1,2,42,3,1,2,2,5,0,1,4,0,2,3,0,2,0,2
3,1,1,1,1,1,0,1,0,0,0,0,0,26,2,1,1,2,2,1,2,1,2,2,1,0,1,0,1
5,1,1,1,1,1,1,1,1,1,1,1,1,36,2,1,2,3,2,3,1,3,2,2,1,0,0,2,2
3,1,1,1,1,1,0,1,2,1,1,1,1,21,1,1,0,3,2,2,1,4,2,2,0,0,0,2,2
3,1,1,0,0,1,0,2,2,1,1,1,2,34,2,1,1,3,3,2,1,3,3,2,0,0,0,2,2
3,1,1,1,1,1,0,2,1,0,0,0,0,40,1,1,2,2,1,3,1,2,1,2,1,0,0,0,1
3,1,1,1,1,1,0,1,2,1,1,1,2,35,1,1,1,2,2,2,3,2,2,3,3,0,2,0,2
2,1,1,0,1,1,0,2,0,0,1,0,2,44,1,1,1,5,2,4,0,0,0,2,2,1,1,2,1
2,1,1,1,1,1,1,2,0,1,0,1,1,35,3,1,1,2,2,4,0,4,1,2,3,0,2,0,2
6,1,1,1,0,2,0,1,0,0,0,0,0,45,1,1,1,0,1,0,3,0,0,2,4,0,1,0,1
6,0,1,2,2,0,2,2,2,1,1,0,1,42,1,1,1,7,5,3,0,2,2,2,0,1,0,1,0
3,1,1,1,1,1,1,1,2,1,0,1,1,40,1,1,2,2,3,3,1,3,2,3,3,0,2,0,2
3,1,1,1,1,1,0,1,0,1,1,1,2,50,2,1,2,2,2,3,1,2,2,2,0,0,0,0,1
4,1,1,1,1,1,1,1,1,0,1,0,1,36,1,1,2,4,4,2,1,3,2,2,0,1,0,2,0
3,1,1,1,2,1,0,2,2,1,1,1,2,31,2,1,2,2,3,3,1,4,3,2,2,0,2,0,2
3,1,1,1,1,0,1,1,0,0,0,0,0,29,1,1,2,3,6,4,0,2,4,2,0,0,0,2,1
4,1,1,1,1,1,1,0,0,0,0,0,0,37,1,1,0,3,2,4,1,0,2,2,0,0,1,2,1
3,1,1,2,1,1,0,1,2,1,1,1,2,31,1,1,1,2,1,2,2,3,2,3,2,0,2,0,2
6,0,1,1,1,1,0,1,0,0,0,0,0,42,1,1,2,1,1,0,2,0,1,2,0,0,1,0,1
5,1,1,2,1,1,0,1,0,0,0,0,0,25,1,1,1,5,2,0,1,1,0,2,0,1,1,2,0
2,1,1,2,1,1,0,1,2,1,1,1,2,27,1,1,1,6,3,3,0,4,1,2,2,1,2,1,0
6,0,1,1,1,1,0,2,2,1,1,1,2,41,2,1,0,5,2,2,1,2,2,2,1,1,0,2,0
4,1,1,1,1,1,0,1,2,0,0,1,2,41,2,1,1,6,2,1,1,2,2,2,1,1,0,1,0
6,1,1,2,1,1,1,1,2,0,0,0,0,21,1,1,0,8,2,2,1,2,0,2,1,1,0,1,0
6,0,1,1,1,1,1,0,0,0,0,0,0,37,1,1,0,4,3,1,1,0,1,2,0,1,1,2,1
6,0,1,2,1,1,1,0,0,0,0,0,0,34,2,1,1,2,1,3,1,0,2,2,0,0,1,0,1
6,0,1,1,1,1,0,1,1,0,0,0,1,40,1,1,0,6,3,0,1,1,1,2,0,1,1,1,0
3,1,1,1,1,1,2,1,1,0,0,1,2,25,1,1,2,2,2,3,1,2,2,2,0,0,0,0,1
6,0,1,1,1,1,0,0,1,0,0,0,1,36,1,1,1,6,4,1,1,0,2,2,1,1,1,1,0
3,1,1,0,1,1,0,1,1,0,0,1,1,25,1,1,0,1,3,3,1,0,2,2,3,0,1,0,1
4,1,1,1,1,1,1,1,0,0,0,0,0,35,1,1,2,3,3,3,1,0,3,2,0,0,1,2,1
2,1,1,1,1,1,0,1,0,0,1,0,0,37,1,1,2,1,3,2,1,2,2,2,1,0,0,0,1
6,0,1,1,1,1,0,1,1,0,0,0,1,45,1,1,1,4,2,1,1,2,1,2,0,1,0,2,0
2,1,1,0,1,1,0,0,2,1,1,1,2,26,1,1,0,0,1,4,1,4,0,3,1,0,0,0,2
3,1,1,2,1,1,0,1,0,0,0,0,0,23,1,1,1,4,2,1,1,0,2,2,0,0,1,2,1
3,1,1,2,1,1,1,1,2,1,1,1,2,22,2,1,1,4,1,0,1,4,1,2,3,0,2,2,2
3,1,1,1,1,1,0,1,2,1,1,1,2,46,2,1,2,2,3,2,0,4,2,2,2,0,2,0,2
2,1,1,2,1,1,2,1,0,0,0,0,0,31,1,1,1,2,0,4,0,0,1,2,1,0,1,0,1
4,1,1,1,1,1,1,2,2,1,1,1,2,27,1,1,2,5,2,4,0,3,1,0,0,1,0,2,0
2,1,1,1,1,2,1,2,0,0,0,0,0,37,1,1,1,2,2,4,0,2,2,2,0,0,0,0,1
4,1,1,1,1,1,1,1,0,0,0,0,0,37,1,1,0,2,2,0,1,0,2,2,0,0,1,0,1
1,1,1,1,2,1,0,1,1,1,1,0,2,26,3,1,1,3,2,4,0,2,1,2,3,0,2,2,2
5,1,1,2,1,0,0,0,0,0,1,1,1,23,1,1,0,0,3,3,0,2,2,2,0,0,0,0,1
3,1,1,2,0,1,1,1,2,1,1,1,2,40,1,1,0,4,2,2,1,4,0,2,2,0,2,2,2
1,1,1,0,1,1,1,1,0,0,0,0,0,29,1,1,1,0,2,3,0,0,2,2,0,0,1,0,1
4,1,1,2,1,1,1,1,2,1,1,1,2,37,1,1,1,8,5,4,0,3,2,1,0,1,0,1,0
4,1,1,2,2,1,0,0,0,0,1,0,0,34,2,1,0,7,4,4,0,3,2,2,2,1,2,1,0
6,1,1,1,1,2,1,2,2,1,1,1,2,40,1,1,1,3,2,4,0,2,1,2,0,1,0,2,0
5,1,1,1,1,1,0,2,1,1,1,0,1,39,1,1,1,3,2,2,1,2,2,2,1,0,0,2,1
5,1,1,1,1,1,1,1,2,1,1,1,1,28,1,1,2,6,4,2,1,4,2,2,0,1,0,1,0
3,1,1,1,1,1,1,1,1,0,0,0,0,28,1,1,1,2,1,3,1,1,2,2,1,0,1,0,1
3,1,1,1,1,1,0,1,0,0,0,0,0,27,1,1,1,0,2,0,0,2,0,2,0,0,0,0,1
3,1,1,1,1,1,1,1,1,0,1,0,0,48,1,1,1,2,2,3,1,1,2,2,0,0,1,0,1
6,1,1,1,1,1,1,1,2,1,1,1,2,49,2,1,1,4,6,4,1,2,2,2,3,1,2,2,0
3,1,1,1,1,1,0,2,2,1,1,1,2,35,1,1,0,1,1,4,1,3,2,2,0,0,0,0,2
4,1,1,1,0,1,0,2,2,1,1,1,2,35,1,1,1,1,0,2,1,4,2,1,3,0,2,0,2
3,1,1,1,1,2,1,0,2,1,1,2,2,38,1,1,2,2,1,3,1,4,2,2,0,0,0,0,2
5,1,1,2,2,1,0,1,0,1,1,1,2,32,1,1,1,8,4,3,1,4,1,2,1,1,0,1,0
6,1,1,1,0,2,0,1,2,1,1,1,2,42,1,1,1,6,1,0,2,4,0,2,1,1,0,1,0
4,1,1,2,1,1,0,1,1,0,1,1,2,33,2,1,2,6,3,3,1,4,2,2,2,1,2,1,0
3,1,1,2,1,0,2,2,0,0,0,0,0,35,1,1,2,2,3,4,0,0,3,2,0,0,1,0,1
5,1,1,2,1,1,0,1,1,0,0,0,0,24,1,1,1,2,2,4,0,1,2,2,0,0,1,0,1
5,1,1,1,1,1,2,2,2,1,1,1,1,29,3,1,1,6,5,4,1,4,2,1,3,1,2,1,0
4,1,1,1,1,1,0,1,1,0,1,1,1,29,1,1,2,2,1,3,1,2,2,2,1,0,0,0,1
2,1,1,0,1,1,1,1,0,0,0,0,0,24,1,1,1,0,2,2,0,0,2,2,0,0,1,0,1
5,1,1,1,1,1,0,2,0,0,1,1,2,30,1,1,2,4,1,3,1,3,2,2,0,1,0,2,0
3,1,1,1,1,1,0,2,2,1,1,1,2,30,1,1,2,1,3,0,1,2,2,2,0,0,0,0,1
2,1,1,1,2,1,1,1,2,1,1,1,2,44,1,1,2,0,4,0,2,4,2,2,0,0,0,0,2
4,1,1,1,1,1,1,1,0,0,0,0,0,37,1,1,2,5,2,2,0,0,1,2,0,1,1,2,1
5,1,1,1,2,0,0,1,0,0,0,0,0,28,1,1,1,0,2,2,0,0,2,2,0,0,1,0,1
4,1,1,2,1,0,1,1,0,1,1,1,1,42,1,1,2,6,5,3,0,4,2,2,0,1,0,1,0
1,1,1,1,1,2,0,1,2,1,1,1,1,30,2,1,1,2,4,4,1,4,2,2,4,0,2,0,2
4,1,1,1,1,1,0,1,1,0,1,2,2,36,1,1,1,3,1,1,1,1,2,2,0,0,1,2,1
5,1,1,1,1,1,1,0,0,0,0,0,0,30,1,1,1,1,1,1,1,0,1,3,0,0,1,0,1
2,1,1,1,1,1,1,0,0,0,0,0,0,29,1,1,2,1,2,0,1,0,1,2,0,0,1,0,1
5,1,1,1,1,1,0,0,0,0,0,0,0,25,1,1,1,3,2,2,1,0,2,2,0,0,1,2,1
3,1,1,1,1,1,1,1,0,0,0,0,0,25,1,1,1,0,2,2,0,0,2,2,0,0,1,0,1
5,1,1,1,1,1,1,1,0,0,0,0,0,24,1,1,0,3,2,2,0,0,2,2,0,0,1,2,1
6,1,1,0,1,1,0,1,2,0,1,1,1,25,1,1,1,0,2,0,2,2,2,3,0,0,0,0,1
3,1,1,2,2,0,2,2,2,1,0,0,0,31,1,1,0,4,4,4,0,3,4,0,0,0,0,2,0
3,1,1,1,1,1,1,1,0,0,0,0,0,37,1,1,1,2,7,1,1,2,2,2,2,0,2,0,1
4,1,1,1,1,1,1,1,0,0,0,0,0,35,1,1,0,2,3,3,0,0,2,2,0,0,1,0,1
2,1,1,2,0,2,0,0,0,1,1,1,2,26,2,1,1,2,1,4,1,4,0,3,1,0,0,0,2
4,1,1,2,1,1,0,1,0,0,0,0,0,31,1,1,2,4,0,4,0,1,2,2,2,1,1,2,1
5,1,1,1,1,1,0,1,0,0,1,0,2,29,2,1,2,4,4,2,1,3,2,2,0,1,0,2,0
3,1,1,1,1,1,0,1,0,1,0,0,0,33,1,1,1,1,2,0,2,4,0,2,3,0,2,0,2
3,1,1,0,0,1,1,1,0,0,0,0,0,30,1,1,2,1,1,1,1,0,1,2,0,0,1,0,1
3,1,1,1,1,1,1,1,1,0,0,2,1,30,1,1,1,4,1,4,1,3,0,2,0,0,0,2,2
4,1,1,1,1,1,0,1,2,1,1,1,1,29,2,1,0,6,2,0,2,4,2,2,2,1,2,1,0
3,1,1,0,1,1,0,0,2,1,1,0,2,25,2,1,1,3,2,0,1,3,2,2,1,0,0,2,2
6,0,1,2,1,1,2,1,0,0,1,0,0,27,1,1,0,8,1,3,0,4,2,2,3,1,2,1,0
5,1,1,2,1,0,1,1,0,0,0,0,0,26,1,1,1,3,1,0,0,0,1,2,0,0,1,2,1
5,1,1,2,2,1,1,2,0,0,0,0,0,38,2,1,2,6,5,4,0,2,2,2,0,1,0,1,0
6,1,1,0,1,1,0,1,2,1,1,0,1,49,1,1,1,8,2,1,2,4,0,2,1,1,0,1,0
3,1,1,2,2,0,2,2,0,0,0,0,0,30,1,1,1,6,5,4,0,2,4,2,0,1,0,1,0
3,1,1,1,1,1,1,0,1,0,0,0,0,34,1,1,1,2,3,3,1,1,2,2,2,0,1,0,1
4,1,1,1,0,1,2,1,0,0,0,0,0,31,1,1,0,1,1,0,1,0,0,2,3,0,1,0,1
3,1,1,1,1,1,0,1,1,1,1,1,1,29,1,1,1,2,2,3,1,4,1,2,0,0,0,0,2
4,1,1,1,1,1,2,1,0,0,0,0,0,31,1,1,1,0,2,2,1,0,2,2,0,0,1,0,1
4,1,1,1,1,1,0,1,1,0,1,1,2,34,1,1,0,3,1,0,2,2,0,2,0,0,0,2,1
2,1,1,1,0,1,1,1,0,0,1,1,2,28,1,1,1,2,2,3,1,2,2,2,0,0,0,0,1
3,1,1,1,1,2,0,1,0,1,1,1,1,35,2,1,2,2,3,3,1,4,2,2,2,0,2,0,2
5,1,1,1,1,1,0,1,0,0,0,0,0,27,1,1,2,3,2,1,0,1,0,2,0,0,1,2,1
3,1,1,1,1,0,1,1,0,0,0,0,0,33,1,1,1,2,2,3,1,1,2,2,0,0,1,0,1
2,1,1,1,2,1,1,1,1,1,1,1,1,37,2,1,1,3,4,2,1,2,2,2,1,0,0,2,2
6,1,1,2,1,1,0,1,2,1,1,1,2,45,1,1,1,4,3,2,2,2,1,3,2,1,2,2,0
2,1,1,1,1,2,0,1,2,1,1,1,2,31,2,1,2,0,3,3,0,4,1,1,3,0,2,0,2
6,0,1,1,0,2,0,0,0,0,0,0,0,36,1,1,0,2,2,0,1,1,1,2,0,0,1,0,1
5,1,1,1,1,1,1,1,2,1,1,2,2,30,1,1,0,6,3,2,1,4,2,2,2,1,2,1,0
6,1,1,2,1,2,0,1,2,1,1,1,2,33,2,1,1,8,3,1,1,4,1,2,0,1,0,1,0
5,1,1,1,0,2,0,0,2,1,1,0,1,45,2,1,2,5,1,0,2,3,0,4,4,1,2,2,0
3,1,1,1,1,1,0,1,2,1,1,1,2,30,2,1,1,8,2,3,0,4,0,2,2,1,2,1,0
3,1,1,2,1,2,0,1,2,1,1,1,2,30,1,1,1,6,3,2,2,4,0,4,3,1,2,1,0
3,1,1,1,1,1,0,1,2,1,1,1,2,29,1,1,2,2,2,3,1,4,2,2,2,0,2,0,2
1,0,1,0,1,1,1,2,0,0,0,0,1,36,1,1,1,4,1,4,0,2,0,2,0,0,0,2,1
3,1,1,2,1,1,1,1,1,1,1,1,2,28,1,1,0,8,4,2,1,4,2,2,3,1,2,1,0
3,1,1,1,2,1,0,1,2,1,1,1,2,36,1,1,1,5,2,3,0,2,1,2,0,1,0,2,0
5,1,1,1,1,1,0,1,1,1,1,1,2,37,2,1,1,5,2,1,1,3,2,2,2,1,2,2,0
3,1,1,2,1,1,0,2,1,0,1,0,2,29,1,1,1,5,6,4,0,4,2,2,0,1,0,2,0
3,1,1,2,1,1,0,1,2,1,1,1,2,25,1,1,1,7,3,4,0,4,2,2,2,1,2,1,0
3,1,1,2,1,2,0,1,0,0,0,0,0,34,2,1,1,6,4,3,0,0,0,2,3,1,1,1,0
6,0,1,2,1,1,0,2,0,0,1,1,0,37,1,1,1,8,5,2,2,0,2,2,3,1,1,1,0
6,1,1,1,1,1,0,1,2,1,1,0,2,40,2,1,1,6,3,3,1,4,2,2,3,1,2,1,0
4,1,1,1,0,1,0,2,1,0,0,0,1,32,1,1,2,8,1,1,2,1,2,2,1,1,1,1,0
3,1,1,1,1,1,0,1,0,0,0,0,0,38,1,1,0,1,2,2,1,1,2,2,2,0,1,0,1
3,1,1,1,1,1,0,1,2,1,1,1,2,31,2,1,1,6,3,2,1,4,2,2,3,1,2,1,0
3,1,1,2,2,1,1,1,0,0,1,1,2,28,2,1,1,7,2,4,0,2,1,2,2,1,2,1,0
4,1,1,1,1,2,0,1,2,1,1,2,2,27,2,1,1,0,3,0,3,4,0,3,4,0,2,0,2
3,1,1,2,1,1,0,1,2,1,1,1,2,28,2,1,1,6,2,2,1,2,1,2,3,1,2,1,0
2,1,1,1,2,1,1,1,2,1,1,0,2,26,1,1,2,3,3,1,1,4,1,2,0,0,0,2,2
3,1,1,2,1,1,2,2,0,0,1,1,2,40,1,1,1,8,4,4,0,4,2,2,0,1,0,1,0
6,1,1,2,1,1,1,1,2,1,1,1,2,42,1,1,1,8,4,4,0,2,2,2,3,1,2,1,0
3,1,1,1,1,1,0,1,0,0,0,0,0,36,1,1,0,6,2,2,0,1,2,2,0,1,1,1,0
3,1,1,1,1,1,0,2,1,0,0,1,1,44,1,1,0,2,1,3,1,3,1,2,1,0,0,0,2
5,1,1,1,1,1,0,1,2,1,1,1,2,24,1,1,0,4,2,2,1,2,2,2,1,1,0,2,0
4,0,1,1,2,1,1,0,1,0,1,0,1,44,1,1,0,4,8,1,3,2,2,2,1,1,0,2,0
6,1,1,1,1,1,1,1,2,1,1,0,1,31,1,1,2,5,5,2,0,0,2,2,0,1,1,2,0
3,1,1,1,1,1,0,2,1,0,1,1,2,49,1,1,1,2,0,3,1,4,1,4,3,0,2,0,2
3,1,1,2,1,1,1,1,0,0,0,0,0,27,2,1,1,5,2,1,1,2,2,2,1,1,0,2,0
6,1,1,1,0,1,0,0,0,0,1,0,1,27,3,1,2,6,2,1,0,3,2,2,2,1,2,1,0
4,1,1,1,1,1,0,0,0,1,1,0,0,28,1,1,1,4,1,2,0,2,1,2,0,1,0,2,1
2,1,1,1,1,2,0,1,1,1,1,1,1,20,2,1,0,4,2,0,2,4,1,3,1,0,0,2,2
3,1,1,1,1,1,1,1,0,0,0,0,0,41,1,1,2,2,3,3,1,2,2,2,0,0,0,0,1
4,0,1,1,1,1,0,1,2,1,1,1,0,38,1,1,1,2,4,2,2,3,2,2,3,0,2,0,2
4,1,1,1,1,1,0,1,2,0,0,1,1,29,1,1,0,2,4,0,2,4,0,2,2,0,2,0,2
4,1,1,1,2,1,0,1,2,1,1,1,2,44,2,1,2,2,5,2,2,4,2,3,3,0,2,0,2
5,1,1,1,1,0,2,1,0,0,0,0,0,31,1,1,1,4,5,2,0,1,2,2,0,1,1,2,1
2,1,1,0,0,1,0,1,2,1,1,1,2,54,1,1,1,0,1,0,2,4,0,2,3,0,2,0,2
5,1,1,1,1,0,1,1,0,0,0,0,0,33,1,1,1,1,2,1,0,2,1,2,0,0,0,0,1
2,1,1,0,1,0,1,0,0,0,0,0,0,29,1,1,0,0,4,0,2,0,4,2,2,0,1,0,1
3,1,1,1,1,1,0,0,1,1,1,1,1,26,3,1,1,3,1,2,0,3,0,2,1,0,0,2,2
3,1,1,1,1,1,0,1,1,0,0,1,1,26,1,1,0,4,2,4,0,3,2,2,0,0,0,2,2
3,1,1,1,1,2,0,1,2,0,1,0,0,34,1,1,1,2,1,3,1,2,0,2,3,0,2,0,2
4,1,1,1,1,2,0,1,1,1,1,0,0,38,2,1,1,1,4,0,2,4,0,2,0,0,0,0,2
4,1,1,1,1,1,0,1,2,1,1,1,2,30,1,1,1,0,1,2,0,4,2,2,0,0,0,0,2
3,1,1,1,0,2,0,0,2,1,1,1,2,34,1,1,1,2,1,3,1,4,1,2,3,0,2,0,2
6,1,1,2,2,1,1,2,2,1,1,1,1,47,2,1,1,3,5,2,0,4,2,2,3,1,2,2,2
4,0,1,1,0,2,2,2,0,1,1,0,0,33,2,1,1,7,1,4,0,3,2,2,4,1,2,1,0
6,0,1,1,1,1,0,1,0,0,0,0,0,22,1,1,1,1,1,2,0,0,2,2,3,0,1,0,1
2,1,1,0,1,1,1,0,1,0,1,0,0,28,3,1,0,0,1,2,0,3,0,2,1,0,0,0,2
5,1,1,2,1,2,1,2,2,1,1,1,2,31,1,1,2,8,1,4,0,4,2,2,3,1,2,1,0
6,0,1,1,1,1,1,1,2,1,1,1,1,24,1,1,1,0,1,4,1,4,0,1,4,0,2,0,2
1,0,1,1,1,1,1,1,0,1,0,1,1,56,1,1,1,1,2,2,2,1,2,2,2,0,1,0,1
3,1,1,1,1,2,0,2,2,1,1,2,2,57,2,1,2,2,2,3,1,4,0,2,3,0,2,0,2
4,1,1,2,1,1,1,0,0,0,0,0,0,39,1,1,2,3,2,2,1,0,2,2,1,0,1,2,1
1,1,1,1,2,1,1,1,0,1,1,1,2,21,1,1,0,1,2,2,1,4,2,2,1,0,0,0,2
5,1,1,1,1,1,0,2,0,0,0,0,0,31,2,1,1,2,0,2,0,0,2,2,1,0,1,0,1
3,1,1,1,2,2,0,1,2,1,1,2,2,63,1,1,2,2,4,3,1,2,2,2,3,0,2,0,2
3,1,1,1,1,1,1,1,2,1,1,2,2,46,1,1,2,2,1,3,1,4,2,3,3,0,2,0,2
2,1,1,1,1,1,0,1,2,1,1,1,2,32,2,1,0,3,4,1,1,4,2,2,2,0,2,2,2
3,1,1,1,1,1,1,2,2,1,1,1,1,35,1,1,1,2,0,3,1,4,2,3,4,0,2,0,2
4,1,1,1,1,2,0,1,0,0,0,0,0,34,1,1,1,5,7,2,0,0,4,2,0,1,1,2,1
2,1,1,1,0,2,0,0,2,1,1,0,1,35,1,1,2,0,3,2,1,4,0,2,0,0,0,0,2
3,1,1,2,2,1,0,1,0,0,0,0,0,31,1,1,1,3,2,3,0,0,2,2,2,0,1,2,1
3,1,1,1,1,2,0,1,2,1,1,1,1,35,2,1,2,2,2,3,1,4,1,2,1,0,0,0,2
3,0,1,1,1,0,1,2,0,0,0,0,0,36,1,1,1,1,2,4,0,0,4,2,0,0,1,0,1
3,1,1,1,1,1,0,1,0,1,1,0,1,50,1,1,1,4,2,2,1,4,0,2,0,0,0,2,2
2,1,1,2,1,1,0,1,2,1,1,1,1,31,1,1,1,2,2,3,0,4,2,2,0,0,0,0,2
4,1,1,1,1,1,0,1,0,1,1,1,2,47,1,1,0,4,4,3,1,4,2,2,0,1,0,2,0
2,1,1,1,2,2,0,1,0,0,1,0,0,32,2,1,0,3,4,1,2,0,0,2,1,0,1,2,1
3,1,1,2,1,2,1,1,2,1,1,1,2,23,2,1,0,4,1,3,0,2,1,2,2,0,2,2,2
2,1,1,1,2,1,0,2,2,1,1,1,2,43,2,1,1,4,5,4,1,4,2,2,1,0,0,2,2
2,1,1,1,1,1,1,2,0,0,0,0,0,26,2,1,1,4,1,4,0,3,4,2,2,0,2,2,2
3,1,1,1,1,1,0,1,1,0,0,1,1,26,2,1,0,3,3,2,0,3,4,2,1,0,0,2,2
2,1,1,2,1,1,1,1,0,0,0,0,0,55,2,1,1,8,5,3,0,0,1,2,3,1,1,1,0
2,1,1,1,1,1,0,1,2,1,1,2,2,27,1,1,0,4,2,2,0,2,1,2,1,0,0,2,2
4,1,1,1,0,1,0,1,0,0,1,0,0,34,1,1,2,1,0,0,1,2,1,2,1,0,0,0,1
3,1,1,1,1,1,1,1,0,0,0,0,0,25,1,1,0,0,2,0,2,2,2,2,0,0,0,0,1
3,0,1,1,1,1,0,1,0,0,0,0,0,35,1,1,1,2,2,3,2,0,1,2,0,0,1,0,1
3,1,1,1,1,1,1,2,2,1,1,1,1,37,1,1,1,2,2,3,1,2,1,2,2,0,2,0,2
3,1,1,1,1,2,0,1,2,1,1,1,2,38,2,1,1,5,3,4,0,3,0,2,3,1,2,2,0
3,1,1,1,1,1,0,1,1,0,1,0,2,29,1,1,0,2,4,2,2,2,0,2,1,0,0,0,1
5,1,1,2,1,1,1,1,1,0,1,1,2,28,1,1,2,8,2,3,1,3,2,2,0,1,0,1,0
2,1,1,1,1,1,1,2,1,1,1,1,2,29,1,1,2,2,4,4,0,4,2,2,2,0,2,0,2
6,1,1,1,1,1,2,1,1,0,0,1,2,40,1,1,2,3,4,3,0,3,2,2,2,1,2,2,2
3,1,1,2,1,1,1,1,2,1,1,1,2,25,2,1,1,8,2,4,0,2,2,0,0,1,0,1,0
3,1,1,1,2,1,1,1,1,0,0,0,1,29,1,1,1,2,3,3,1,1,1,2,0,0,1,0,1
3,1,1,1,1,1,1,1,2,1,0,1,2,29,2,1,1,8,3,4,0,4,2,1,3,1,2,1,0
1,1,1,1,1,1,1,2,2,1,1,1,1,35,1,1,1,6,2,4,0,2,2,1,0,1,0,1,0
3,1,1,1,1,1,0,1,0,0,0,0,0,25,1,1,1,2,2,3,1,1,2,2,0,0,1,0,1
3,1,1,1,1,1,2,1,2,1,1,1,2,43,1,1,1,2,1,2,0,2,0,2,2,0,2,0,2
2,1,1,1,1,1,0,1,0,0,0,0,0,26,1,1,0,0,2,4,0,1,2,2,2,0,1,0,1
4,1,1,1,1,1,0,1,1,0,1,0,1,31,1,1,0,1,1,0,0,0,0,2,1,0,1,0,1
4,1,1,2,1,2,2,1,0,0,0,0,0,31,2,1,2,7,3,3,0,2,0,2,2,1,2,1,0
6,0,1,1,1,1,0,1,2,1,1,0,1,45,2,1,2,1,0,2,1,3,1,3,2,0,2,0,2
6,1,1,0,1,1,1,1,1,0,0,0,0,23,1,1,0,0,2,0,1,1,2,2,0,0,1,0,1
2,1,1,1,1,0,1,1,0,0,0,0,0,39,1,1,0,2,4,2,1,1,2,2,0,0,1,0,1
3,1,1,1,1,1,1,1,0,0,0,0,0,27,2,1,1,3,2,4,0,2,0,2,0,0,0,2,1
4,1,1,1,1,1,0,1,2,1,1,1,2,28,1,1,1,3,4,4,1,4,1,2,2,0,2,2,2
5,1,1,1,0,1,0,1,1,0,0,0,2,36,1,1,2,2,2,2,1,0,0,2,1,0,1,0,1
4,1,1,1,1,1,0,1,0,0,0,0,0,22,1,1,0,1,2,1,1,0,2,2,0,0,1,0,1
1,1,1,0,1,1,0,1,0,0,1,1,1,51,1,1,0,4,4,3,0,2,2,3,3,0,2,2,2
3,1,1,1,1,1,2,1,1,0,0,0,1,39,1,1,1,2,1,3,1,1,2,2,0,0,1,0,1
3,1,1,1,1,1,0,0,2,0,1,0,1,36,1,1,1,2,2,3,1,4,0,2,0,0,0,0,2
6,0,1,1,1,0,0,1,2,1,1,1,2,28,1,1,1,1,5,4,0,4,2,2,0,0,0,0,2
4,1,1,2,1,1,0,1,0,0,0,0,0,40,1,1,2,3,3,0,2,0,2,2,2,0,1,2,1
3,1,1,2,1,1,0,2,2,1,1,1,2,35,2,1,1,8,3,4,0,3,1,2,1,1,0,1,0
4,1,1,1,1,2,0,1,2,1,1,1,2,38,1,1,0,4,4,0,2,4,1,2,1,1,0,2,2
4,1,1,1,1,1,0,1,1,0,1,1,2,29,1,1,2,3,4,1,2,4,2,2,4,0,2,2,2
3,1,1,1,1,1,1,0,0,0,0,0,0,43,1,1,1,2,2,3,1,0,2,2,1,0,1,0,1
5,1,1,1,1,1,0,2,2,1,1,1,2,31,2,1,2,3,3,4,1,4,2,2,2,0,2,2,2
4,1,1,1,1,1,0,0,0,0,0,0,0,45,1,1,1,0,5,2,2,0,2,2,2,0,1,0,1
4,1,1,1,1,1,0,1,1,0,0,0,1,26,1,1,1,3,1,2,0,3,0,0,0,0,0,2,1
4,1,1,2,2,1,2,2,0,0,0,0,0,42,1,1,2,8,7,4,0,0,4,2,0,1,1,1,0
4,1,1,2,1,2,0,1,0,0,0,0,0,28,2,1,2,7,1,3,0,2,1,2,2,1,2,1,0
2,1,1,1,1,1,1,1,0,0,0,0,0,28,1,1,1,0,1,3,1,2,1,2,0,0,0,0,1
4,1,1,1,1,2,2,2,2,1,1,1,2,39,2,1,1,6,4,3,1,4,0,2,3,1,2,1,0
2,1,1,2,1,1,0,2,0,1,1,1,1,34,3,1,1,3,2,2,1,2,2,1,0,0,0,2,1
3,1,1,1,1,2,1,1,2,1,1,1,2,28,2,1,2,3,2,4,0,4,2,2,3,0,2,2,2
5,1,1,2,2,1,0,0,0,0,0,0,0,35,2,1,1,6,2,3,1,1,2,2,3,1,1,1,0
2,1,1,2,1,1,2,1,0,0,0,0,0,42,1,1,1,2,3,3,0,0,2,2,0,0,1,0,1
2,1,1,2,0,2,1,1,2,1,1,1,2,99,3,1,1,3,2,4,0,4,2,2,4,0,2,2,2
3,1,1,1,2,0,1,0,1,1,1,1,2,29,1,1,2,2,3,3,1,2,2,2,1,0,0,0,1
3,1,1,1,1,1,0,1,2,1,1,1,1,34,1,1,1,2,1,3,1,3,2,2,1,0,0,0,2
3,1,1,1,1,1,0,0,0,0,0,0,0,28,1,1,2,4,2,2,1,2,0,2,0,0,0,2,1
5,1,1,1,1,1,0,1,0,0,0,0,1,22,2,1,1,3,2,0,1,1,2,1,0,0,1,2,1
3,1,1,2,2,2,0,1,2,1,1,1,2,28,2,1,1,6,6,2,2,4,2,4,3,1,2,1,0
3,1,1,1,1,1,2,1,2,1,1,1,2,26,2,1,2,2,1,3,1,4,1,2,1,0,0,0,2
6,0,1,2,1,1,0,1,1,0,1,0,1,21,2,1,0,7,4,2,1,3,2,2,3,1,2,1,0
3,1,1,0,1,1,2,2,2,1,1,1,2,38,1,1,0,0,3,3,3,4,2,3,3,0,2,0,2
6,0,1,1,1,1,0,2,2,1,1,1,2,33,1,1,1,8,3,3,0,4,1,2,2,1,2,1,0
4,1,1,2,1,1,0,1,2,0,1,1,1,28,2,1,1,7,3,3,0,4,2,2,2,1,2,1,0
3,1,1,2,0,2,0,1,2,1,1,1,2,32,1,1,1,8,1,2,0,3,1,2,3,1,2,1,0
1,1,1,1,1,1,0,1,2,1,1,1,2,24,2,1,1,0,2,0,2,3,2,2,1,0,0,0,2
5,1,1,1,1,1,0,1,1,1,1,1,2,35,1,1,2,3,1,1,1,4,2,2,2,0,2,2,2
3,1,1,1,1,1,1,0,0,0,0,1,0,41,1,1,1,2,2,3,1,0,2,2,2,0,1,0,1
3,1,1,1,1,2,1,0,0,0,1,0,0,38,2,1,2,2,1,3,1,2,0,2,4,0,2,0,2
6,1,1,1,1,2,0,1,2,1,1,1,2,24,2,1,1,3,2,1,2,4,0,2,2,1,2,2,2
4,1,1,1,1,1,0,1,2,1,1,1,2,30,1,1,1,5,5,4,0,4,2,1,0,1,0,2,0
4,1,1,2,2,2,0,1,0,0,0,0,2,47,2,1,1,7,7,0,2,0,0,2,3,1,1,1,0
6,1,1,2,1,1,0,1,0,0,0,0,0,26,2,1,0,6,2,0,1,0,2,2,0,1,1,1,0
4,1,1,1,1,1,0,1,2,1,1,1,2,32,1,1,2,5,5,2,0,3,1,2,0,1,0,2,0
4,1,1,1,1,1,0,1,1,0,0,1,1,32,1,1,1,3,2,1,2,2,1,2,2,0,2,2,2
5,1,1,1,2,1,2,2,2,1,1,0,2,37,1,1,2,4,4,4,0,3,2,0,0,1,0,2,0
3,1,1,1,1,1,1,1,0,0,0,0,0,33,1,1,1,2,2,3,1,0,2,2,0,0,1,0,1
2,1,1,1,1,1,0,1,1,0,0,0,0,28,2,1,1,0,1,1,0,2,0,2,2,0,2,0,1
3,1,1,2,1,1,0,1,0,0,1,0,0,22,3,1,0,4,2,1,1,0,2,2,0,0,1,2,1
5,1,1,1,1,1,0,1,2,0,1,0,1,30,1,1,1,6,4,2,0,4,2,2,0,1,0,1,0
3,1,1,1,1,1,0,1,0,1,1,1,2,42,2,1,2,2,3,3,1,3,2,1,3,0,2,0,2
4,1,1,2,1,1,1,1,0,0,0,0,0,34,1,1,0,4,2,2,1,1,1,2,2,1,1,2,1
2,1,1,2,1,1,0,1,1,1,1,1,2,32,1,1,1,4,5,2,1,1,2,2,3,0,2,2,1
4,1,1,1,1,2,1,1,2,1,1,1,1,37,1,1,2,0,1,4,1,4,1,3,4,0,2,0,2
3,1,1,1,1,1,1,0,0,1,1,1,1,31,2,1,2,2,2,3,1,4,1,2,1,0,0,0,2
3,1,1,1,0,0,0,1,2,1,1,0,2,31,1,1,2,3,0,2,2,4,2,2,1,0,0,2,2
3,0,1,1,1,1,0,2,0,0,0,0,0,26,1,1,2,1,1,2,1,1,2,3,0,0,1,0,1
3,1,1,1,1,1,1,1,1,0,0,1,1,30,1,1,1,2,2,3,1,1,2,2,0,0,1,0,1
4,1,1,1,1,1,0,1,2,1,1,1,2,36,1,1,1,5,5,3,1,4,3,2,1,1,0,2,0
4,1,1,1,1,1,0,0,0,1,1,0,0,38,1,1,2,2,2,0,1,4,2,2,3,0,2,0,2
3,1,1,1,1,1,0,1,2,1,1,0,2,24,1,1,1,4,2,3,0,0,2,2,0,0,1,2,1
4,1,1,1,1,1,0,1,2,0,0,0,1,26,1,1,1,2,4,1,1,3,0,2,0,0,0,0,2
6,1,1,1,1,1,0,1,1,1,1,1,1,37,1,1,0,6,4,3,1,4,2,2,2,1,2,1,0
3,1,1,1,1,1,0,1,2,1,1,1,1,27,2,1,0,2,1,2,1,4,1,2,2,0,2,0,2
3,1,1,1,1,0,0,2,0,1,1,1,1,32,1,1,2,2,1,3,1,2,2,2,2,0,2,0,1
3,1,1,2,1,1,1,2,0,0,1,0,1,32,1,1,0,6,3,4,0,2,3,2,0,1,0,1,0
2,0,1,0,1,1,1,1,2,1,1,1,1,30,1,1,0,5,2,4,0,3,2,2,0,1,0,2,0
3,1,1,1,2,1,0,1,2,1,1,1,1,26,2,1,2,2,1,4,0,2,0,2,2,0,2,0,2
3,1,1,1,1,0,0,1,2,1,1,1,2,27,2,1,0,2,2,3,1,4,2,2,1,0,0,0,2
3,1,1,1,1,2,0,1,2,1,1,0,2,27,1,1,2,2,4,3,1,1,0,2,1,0,1,0,1
3,1,1,1,1,1,1,2,1,0,1,0,1,29,1,1,2,0,2,3,0,4,2,2,0,0,0,0,2
3,1,1,1,1,1,1,1,2,1,1,1,2,26,3,1,0,8,1,3,1,4,2,2,3,1,2,1,0
4,1,1,1,1,1,0,1,0,0,0,0,0,23,2,1,0,3,2,2,0,0,2,2,0,0,1,2,1
4,1,1,2,1,1,2,0,0,1,1,1,1,30,1,1,1,8,3,4,0,4,2,2,0,1,0,1,0
6,0,1,1,1,1,0,1,2,1,0,0,1,40,1,1,1,5,2,0,1,4,0,2,3,1,2,2,0
4,1,1,1,1,2,0,0,1,1,1,1,1,46,1,1,1,3,4,0,1,2,0,2,3,0,2,2,2
3,1,1,1,1,1,1,1,0,0,0,0,0,26,1,1,1,3,2,4,0,0,3,2,0,0,1,2,1
6,1,1,2,2,1,0,1,0,0,0,0,0,30,1,1,1,8,4,0,1,1,1,2,2,1,1,1,0
4,1,1,1,1,2,0,2,0,0,0,0,0,27,2,1,2,0,1,0,2,0,0,2,0,0,1,0,1
3,1,1,1,2,1,1,1,2,1,1,1,1,35,1,1,2,2,5,3,1,4,2,2,0,0,0,0,2
3,1,1,1,1,1,0,1,2,1,1,1,2,26,3,1,1,6,5,1,1,4,0,2,2,1,2,1,0
4,1,1,1,1,1,1,1,0,0,0,0,0,35,1,1,2,3,2,4,0,2,2,2,1,0,0,2,1
3,0,1,1,1,1,1,1,2,0,1,1,1,29,1,1,0,2,3,2,1,4,2,3,1,0,0,0,2
4,1,1,2,1,1,0,1,0,0,1,0,0,34,1,1,1,5,1,4,0,0,0,2,1,1,1,2,0
3,1,1,1,1,2,0,0,0,0,0,0,2,27,1,1,1,2,2,3,1,0,2,2,1,0,1,0,1
4,1,1,2,1,1,1,1,1,0,0,0,1,39,1,1,1,0,1,1,1,1,0,2,1,0,1,0,1
4,1,1,1,0,2,1,2,0,0,0,0,0,27,1,1,1,3,1,4,0,0,1,2,3,0,1,2,1
5,1,1,1,1,1,0,1,0,1,1,1,2,31,1,1,1,0,1,3,0,2,2,2,0,0,0,0,1
3,0,1,1,1,1,0,0,0,0,0,0,0,26,1,1,0,0,2,2,2,0,2,2,2,0,1,0,1
3,1,1,2,1,1,1,0,1,0,1,1,1,44,1,1,2,3,5,3,1,3,2,2,3,0,2,2,2
4,1,1,1,1,1,0,0,0,0,0,0,0,27,1,1,1,3,4,2,1,0,1,2,2,0,1,2,1
4,0,1,1,1,1,0,2,2,1,1,0,1,57,2,1,1,3,1,3,0,4,0,2,0,0,0,2,2
3,1,1,1,1,1,1,2,0,0,0,0,0,34,1,1,1,2,5,3,1,1,3,2,3,0,1,0,1
3,1,1,1,1,1,0,2,2,1,1,1,1,38,1,1,1,2,3,3,1,4,2,2,0,0,0,0,2
3,1,1,1,1,1,1,1,1,1,1,0,2,55,1,1,2,2,4,3,1,3,2,2,1,0,0,0,2
3,1,1,1,1,1,0,1,1,0,1,1,2,28,1,1,1,2,1,3,1,3,1,4,2,0,2,0,2
6,0,1,0,1,1,0,2,1,0,1,2,1,35,1,1,0,2,0,1,2,2,1,2,2,0,2,0,2
4,1,1,1,0,1,0,1,2,1,1,2,2,26,1,1,2,3,2,1,1,3,0,2,1,0,0,2,2
2,1,1,2,1,1,1,1,1,0,0,0,0,22,2,1,0,6,1,3,0,0,2,2,0,1,1,1,0
4,1,1,1,1,1,0,1,0,0,0,0,0,31,1,1,1,3,5,2,1,0,2,2,0,0,1,2,1
3,1,1,0,1,1,0,0,0,0,1,0,0,31,1,1,0,1,2,0,1,0,2,2,0,0,1,0,1
3,1,1,1,1,1,0,1,0,0,0,0,0,40,1,1,1,2,2,3,1,0,2,2,2,0,1,0,1
6,0,1,2,1,1,0,1,2,1,1,1,1,26,1,1,1,6,4,3,1,0,0,2,2,1,1,1,0
1,1,1,0,1,2,0,1,2,0,1,1,1,36,1,1,1,0,2,0,2,4,2,4,3,0,2,0,2
3,1,1,2,2,1,0,1,2,1,1,1,2,33,1,1,1,4,6,4,0,4,2,1,0,0,0,2,2
5,1,1,1,1,1,0,1,2,1,1,1,2,24,2,1,1,5,2,4,0,4,2,1,0,1,0,2,0
2,1,1,1,1,0,0,1,1,0,0,2,1,22,1,1,1,0,3,1,1,3,2,4,0,0,0,0,2
2,1,1,1,1,0,0,1,1,1,1,1,1,33,1,1,2,6,7,3,0,4,2,2,1,1,0,1,0
6,1,1,1,1,1,0,1,2,1,1,1,1,37,2,1,1,3,2,2,1,2,2,2,1,1,0,2,0
2,1,1,1,1,1,1,1,1,0,0,1,1,29,1,1,2,4,2,4,0,2,2,2,3,0,2,2,2
1,0,1,2,1,1,0,0,0,0,1,0,0,38,1,1,1,2,5,4,0,2,2,2,0,0,0,0,1
1,1,1,1,1,1,0,1,1,0,0,1,0,33,1,1,1,0,4,0,1,3,0,2,1,0,0,0,2
1,1,1,1,1,1,0,1,1,1,1,0,2,44,2,1,2,2,5,0,2,4,1,2,3,0,2,0,2
2,0,1,1,1,1,0,2,2,1,1,0,1,23,1,1,1,3,2,3,0,4,2,2,1,0,0,2,2
3,1,1,1,1,1,0,1,0,0,0,0,0,30,1,1,1,2,2,3,1,0,2,2,0,0,1,0,1
6,0,1,1,0,2,0,2,2,1,1,1,1,30,1,1,0,1,1,0,2,3,1,2,2,0,2,0,2
3,1,1,1,2,1,0,1,0,0,0,0,0,28,1,1,1,2,7,4,0,1,0,2,0,0,1,0,1
3,1,1,0,0,2,0,1,1,0,0,0,2,39,1,1,0,4,1,2,0,2,0,2,1,0,0,2,1
2,1,1,1,0,1,0,1,2,1,1,0,1,24,2,1,0,0,3,0,2,4,1,2,2,0,2,0,2
3,1,1,1,1,1,0,2,2,1,1,1,2,27,1,1,2,2,2,3,1,4,2,2,3,0,2,0,2
6,0,1,1,1,0,0,1,2,1,1,1,2,35,1,1,1,8,2,3,0,4,2,2,2,1,2,1,0
2,1,1,1,1,1,1,1,1,0,0,0,0,23,1,1,0,1,3,4,0,3,2,2,0,0,0,0,2
6,0,1,2,1,1,1,1,0,0,0,0,0,37,1,1,1,6,3,3,0,2,1,2,0,1,0,1,0
2,1,1,1,1,1,1,1,0,0,0,0,0,35,1,1,1,3,4,3,0,0,2,2,0,0,1,2,1
3,0,1,2,1,1,1,1,1,0,0,1,1,27,1,1,1,4,2,2,0,2,2,2,1,0,0,2,0
1,1,1,1,1,0,1,1,1,0,0,1,1,27,2,1,2,2,2,2,0,3,2,2,0,0,0,0,2
6,1,1,1,1,1,0,1,0,0,0,0,0,27,2,1,0,5,4,0,1,1,2,2,0,1,1,2,0
2,1,1,1,1,1,0,1,2,1,1,1,1,42,1,1,1,2,4,0,1,4,2,2,1,0,0,0,2
2,0,1,2,2,1,0,0,0,0,0,0,0,32,1,1,0,3,5,1,1,2,0,2,1,0,0,2,1
2,1,1,1,1,0,1,1,1,1,1,1,2,26,1,1,1,2,4,2,0,4,2,2,0,0,0,0,2
4,1,1,1,1,1,0,0,0,0,0,0,0,28,1,1,0,2,1,0,2,1,1,2,0,0,1,0,1
2,1,1,1,1,2,0,1,0,0,0,0,0,28,1,1,1,1,4,0,2,0,2,2,0,0,1,0,1
4,1,1,2,2,1,0,1,0,1,1,1,1,32,1,1,1,4,3,0,1,4,1,2,0,1,0,2,0
3,1,1,1,1,1,0,2,2,0,0,0,1,43,1,1,2,2,3,3,1,3,2,2,0,0,0,0,2
3,1,1,1,1,1,1,1,2,1,1,1,1,34,1,1,0,7,4,2,1,3,2,2,2,1,2,1,0
2,1,1,0,1,1,1,1,1,0,1,1,1,61,2,1,1,3,2,1,1,1,0,2,0,0,1,2,1
3,1,1,1,2,1,0,1,2,1,0,1,1,50,1,1,2,2,4,3,1,4,2,2,1,0,0,0,2
3,1,1,1,1,1,0,0,2,1,1,2,2,38,1,1,1,2,2,3,1,3,2,2,2,0,2,0,2
3,1,1,1,0,0,2,2,0,1,1,0,1,38,1,1,1,2,0,3,1,2,4,2,1,0,0,0,1
5,1,1,1,1,1,1,2,2,1,1,1,2,34,1,1,2,4,4,4,0,4,3,2,0,1,0,2,0
2,1,1,1,1,1,1,1,1,1,1,1,1,43,1,1,2,0,2,3,1,2,2,2,0,0,0,0,1
4,1,1,1,1,1,0,0,1,0,0,0,1,43,2,1,1,4,4,1,2,0,2,2,3,1,1,2,1
2,1,1,1,0,2,0,2,2,1,1,2,2,44,1,1,2,3,2,1,1,4,3,3,4,0,2,2,2
4,1,1,1,1,1,0,1,1,1,1,1,1,35,1,1,1,2,4,2,1,2,2,2,1,0,0,0,1
3,1,1,1,1,1,1,1,0,0,0,0,0,50,1,1,2,5,2,3,0,0,2,2,0,1,1,2,1
4,1,1,2,2,1,1,1,1,1,1,1,2,29,1,1,1,4,5,3,1,2,1,2,0,1,0,2,0
4,1,1,1,1,2,1,2,2,1,1,1,2,29,1,1,0,6,2,4,0,2,2,0,0,1,0,1,0
5,0,1,1,1,1,1,2,0,0,0,0,0,36,1,1,1,3,4,4,1,1,2,2,1,0,1,2,1
3,1,1,1,1,0,1,1,1,0,0,1,1,33,1,1,1,2,1,3,1,3,2,2,2,0,2,0,2
3,1,1,1,1,2,0,1,1,1,1,1,2,50,1,1,1,2,2,3,1,2,2,2,3,0,2,0,2
6,1,1,1,1,1,0,1,1,1,1,1,1,46,1,1,2,3,3,0,1,2,2,2,1,1,0,2,0
3,1,1,1,0,2,0,1,2,1,1,0,2,44,2,1,2,2,2,3,1,4,0,4,3,0,2,0,2
6,1,1,0,0,1,0,0,1,0,1,0,2,23,3,1,1,4,1,1,3,3,1,2,3,1,2,2,0
2,1,1,1,1,1,0,1,1,1,1,1,2,41,1,1,1,2,4,3,1,3,1,2,1,0,0,0,2
6,1,1,1,1,0,0,1,1,0,0,0,0,31,1,1,1,5,8,3,0,0,2,2,1,1,1,2,0
1,1,1,0,0,2,0,2,2,1,1,2,2,55,1,1,1,2,0,0,3,4,1,2,4,0,2,0,2
3,1,1,1,1,1,0,1,0,0,0,0,2,34,1,1,1,0,4,1,2,2,2,2,2,0,2,0,1
2,1,1,1,0,2,1,1,2,0,1,2,2,28,2,1,2,4,2,4,0,4,2,4,2,0,2,2,2
2,1,1,1,1,1,0,1,2,1,1,1,2,33,1,1,1,2,2,2,0,4,2,2,2,0,2,0,2
4,1,1,0,0,2,0,2,0,1,1,1,1,29,1,1,1,4,4,1,3,4,2,2,4,1,2,2,2
6,0,1,2,0,2,0,1,2,1,1,1,1,33,2,1,1,7,4,3,0,2,2,2,2,1,2,1,0
3,1,1,1,1,1,1,0,0,0,0,0,0,28,1,1,1,2,2,3,1,1,2,2,0,0,1,0,1
6,1,1,1,1,1,0,1,2,1,1,1,2,28,1,1,1,8,4,1,1,4,1,2,3,1,2,1,0
3,1,1,1,1,1,0,1,0,0,1,0,1,32,1,1,1,6,3,4,0,4,2,2,0,1,0,1,0
2,1,1,1,2,1,0,1,1,0,1,0,2,36,2,1,0,4,5,1,0,3,1,2,3,0,2,2,2
6,0,1,2,1,0,0,0,1,0,0,2,0,45,1,1,1,5,1,0,2,0,0,2,0,1,1,2,0
3,1,1,1,1,1,1,1,0,0,0,0,0,29,1,1,2,2,1,3,1,0,2,2,2,0,1,0,1
6,0,1,1,1,1,2,0,0,0,0,0,0,23,1,1,0,4,2,0,1,0,2,2,0,1,1,2,1
3,1,1,1,1,0,1,1,1,1,1,1,2,54,2,1,2,2,2,3,1,4,2,2,3,0,2,0,2
3,1,1,1,1,1,0,1,2,1,1,1,2,61,2,1,1,2,3,3,1,4,2,3,2,0,2,0,2
3,1,1,1,1,1,0,1,2,1,1,1,2,29,2,1,1,2,2,0,2,4,2,2,0,0,0,0,2
3,1,1,1,1,1,0,1,0,1,1,1,2,31,1,1,1,1,2,1,1,3,1,2,3,0,2,0,2
3,1,1,1,0,2,0,0,0,0,0,1,0,37,1,1,2,2,1,3,1,0,0,2,3,0,1,0,1
2,1,1,0,1,1,0,1,1,1,1,1,1,29,1,1,0,0,1,0,3,4,1,2,2,0,2,0,2
3,1,1,1,1,1,0,2,0,0,0,1,2,28,1,1,2,2,1,3,1,2,1,2,2,0,2,0,1
3,1,1,2,1,1,1,1,2,0,1,1,1,30,1,1,1,2,2,2,0,2,0,1,0,0,0,0,1
6,1,1,2,1,1,0,2,0,1,1,1,2,55,1,1,2,7,3,4,0,2,1,3,0,1,0,1,0
2,0,1,1,1,0,0,1,2,1,1,0,1,38,2,1,0,1,5,3,1,4,2,2,1,0,0,0,2
2,1,1,2,1,1,0,1,0,0,0,0,0,20,1,1,1,3,2,0,2,1,2,2,0,0,1,2,1
4,1,1,1,1,1,2,2,0,1,1,1,2,25,1,1,1,3,3,1,0,4,2,2,0,0,0,2,2
3,1,1,1,1,1,0,0,1,0,0,0,1,22,1,1,2,2,4,3,1,2,0,2,2,0,2,0,2
3,1,1,1,1,1,1,2,2,1,1,1,2,35,1,1,1,2,1,3,1,2,2,2,0,0,0,0,1
3,0,1,1,1,1,0,1,2,1,1,0,1,27,1,1,0,1,2,0,1,1,2,2,0,0,1,0,1
2,0,1,1,1,1,1,1,2,1,1,0,2,24,1,1,1,0,2,2,1,4,0,2,1,0,0,0,2
3,1,1,1,1,0,1,2,2,1,1,1,1,39,1,1,2,2,4,3,1,2,4,0,0,0,0,0,1
3,0,1,1,1,0,0,0,1,0,0,0,0,29,1,1,0,2,1,0,0,2,0,2,1,0,0,0,1
3,1,1,1,2,2,0,1,2,1,1,1,2,40,2,1,0,1,4,3,2,4,2,2,0,0,0,0,2
1,1,1,0,1,1,0,0,1,1,1,1,2,30,1,1,2,0,1,0,1,3,2,2,2,0,2,0,2
3,1,1,1,2,0,0,1,0,0,0,0,0,32,1,1,1,2,7,4,1,0,0,2,1,0,1,0,1
3,1,1,1,1,1,0,1,1,0,0,0,1,34,1,1,1,2,1,3,1,2,0,2,1,0,0,0,1
2,1,1,2,2,1,2,1,2,1,1,1,2,35,2,1,1,5,4,2,0,2,2,1,2,1,2,2,0
3,1,1,1,1,1,0,1,1,0,0,0,1,30,1,1,1,2,1,3,1,3,0,3,3,0,2,0,2
2,1,1,1,1,1,0,1,0,0,1,0,0,36,1,1,0,0,1,1,1,3,2,2,1,0,0,0,2
3,1,1,1,1,0,1,1,0,0,0,0,0,26,1,1,1,2,2,2,0,1,3,2,1,0,1,0,1
5,0,1,1,2,1,1,1,0,1,1,1,1,31,2,1,0,5,4,2,1,3,2,2,3,1,2,2,0
3,0,1,2,1,1,1,1,0,0,0,0,0,33,1,1,0,4,1,2,0,2,1,2,0,0,0,2,1
3,1,1,1,1,1,1,1,2,1,1,1,1,30,1,1,1,2,2,3,1,4,2,2,0,0,0,0,2
3,1,1,1,1,1,1,1,2,1,1,0,1,46,1,1,2,2,4,0,1,2,2,2,2,0,2,0,2
4,1,1,1,1,1,1,1,0,1,1,1,1,32,1,1,1,2,4,4,1,4,2,2,0,0,0,0,2
4,1,1,1,1,1,0,1,0,0,0,0,0,34,1,1,1,6,2,2,1,0,1,2,1,1,1,1,0
4,1,1,1,1,1,1,1,2,1,1,1,1,41,1,1,2,3,3,2,0,4,0,2,3,0,2,2,2
4,1,1,1,2,1,1,1,0,0,0,0,0,32,1,1,2,3,7,4,0,0,2,2,3,0,1,2,1
6,0,1,1,1,1,0,1,0,1,1,1,1,47,1,1,1,5,6,0,1,4,1,2,2,1,2,2,0
4,1,1,1,0,1,0,0,0,0,0,0,0,29,1,1,2,2,4,0,0,2,0,2,0,0,0,0,1
4,0,1,1,1,1,1,1,0,1,1,0,1,36,1,1,1,6,2,3,1,1,2,2,0,1,1,1,0
4,1,1,1,1,1,0,1,2,1,1,1,2,32,1,1,1,2,4,1,2,4,2,3,0,0,0,0,2
4,1,1,1,1,1,0,1,1,0,1,0,1,29,1,1,1,2,4,3,0,3,2,2,1,0,0,0,2
1,1,1,1,1,2,0,1,0,0,0,0,0,22,1,1,0,0,1,4,0,0,0,2,1,0,1,0,1
6,1,1,2,0,2,0,2,2,1,1,2,2,32,2,1,1,4,1,0,3,4,1,3,4,1,2,2,0
6,0,1,1,1,0,1,1,0,0,0,0,0,19,2,1,0,3,1,0,0,0,1,2,0,1,1,2,1
2,1,1,2,2,0,2,0,0,0,0,0,0,30,1,1,1,0,1,4,0,0,4,2,0,0,1,0,1
2,1,1,2,1,1,2,2,1,1,1,0,0,32,3,1,2,3,1,3,0,4,2,2,0,0,0,2,2
6,1,1,1,0,1,1,1,0,0,0,0,0,22,1,1,1,4,2,3,0,0,2,2,0,1,1,2,1
3,1,1,1,1,1,0,1,0,0,0,0,0,30,1,1,2,2,2,3,1,2,2,1,0,0,0,0,1
4,1,1,1,1,1,1,1,0,0,0,0,0,323,1,1,1,4,2,2,0,2,2,2,2,1,2,2,0
2,1,1,1,1,1,0,1,0,0,0,0,0,33,1,1,1,0,2,2,0,0,2,2,0,0,1,0,1
2,1,1,1,1,1,0,1,0,1,1,0,1,48,2,1,0,1,1,1,2,2,0,2,2,0,2,0,1
6,1,1,1,1,1,1,1,0,0,1,0,0,45,1,1,0,0,1,0,1,1,1,2,0,0,1,0,1
3,1,1,2,2,1,1,1,0,1,1,0,2,28,1,1,1,6,1,3,0,4,2,2,1,1,0,1,0
4,1,1,1,1,1,0,1,0,0,1,0,2,44,1,1,1,3,3,3,0,3,2,2,1,0,0,2,2
2,1,1,1,1,1,0,1,0,0,0,0,0,31,1,1,1,0,2,0,1,0,2,2,0,0,1,0,1
3,1,1,1,1,1,0,1,2,1,1,1,2,31,2,1,1,3,2,4,0,3,2,2,0,0,0,2,2
6,1,1,2,1,0,1,2,0,0,0,0,0,29,1,1,0,5,2,4,0,0,4,2,0,1,1,2,0
6,0,1,1,1,1,1,1,0,0,0,0,0,26,1,1,0,5,2,1,1,0,2,2,1,1,1,2,0
4,0,1,1,1,2,0,2,2,1,1,1,2,35,2,1,1,7,2,4,0,4,0,2,0,1,0,1,0
3,1,1,1,2,1,1,1,0,0,1,0,0,44,1,1,1,2,6,3,1,2,2,2,1,0,0,0,1
2,1,1,1,2,1,0,1,2,1,1,1,2,45,1,1,2,3,5,0,2,4,1,2,3,0,2,2,2
2,0,1,1,1,1,1,1,2,1,1,1,2,22,2,1,1,4,2,2,0,4,2,2,0,0,0,2,2
4,1,1,1,1,1,1,1,1,0,0,1,2,34,1,1,1,4,2,3,0,2,2,3,3,1,2,2,0
3,1,1,1,1,1,1,1,1,0,0,0,1,35,1,1,0,2,3,3,1,2,0,2,3,0,2,0,2
3,1,1,1,2,2,0,1,2,1,1,1,2,39,1,1,1,2,5,3,1,4,2,2,3,0,2,0,2
2,1,1,0,1,2,0,2,1,1,1,0,0,26,1,1,0,2,2,0,2,4,0,2,0,0,0,0,2
3,1,1,1,1,1,1,0,0,0,0,0,0,41,1,1,1,2,3,3,1,0,2,2,0,0,1,0,1
6,1,1,1,1,1,0,2,2,1,1,1,2,24,1,1,1,3,5,2,3,4,2,2,3,1,2,2,2
2,1,1,2,1,1,1,1,2,1,1,1,2,24,1,1,0,2,1,2,0,4,1,2,3,0,2,0,2
3,1,1,1,1,1,0,1,2,1,1,1,1,34,1,1,1,4,3,2,0,2,0,2,0,0,0,2,0
3,1,1,1,0,1,1,2,0,0,0,0,0,36,1,1,1,0,1,3,0,0,2,2,2,0,1,0,1
5,0,1,1,1,1,0,1,1,1,1,1,1,41,1,1,1,6,3,0,3,4,0,2,4,1,2,1,0
6,1,1,1,1,1,0,1,2,1,1,1,2,21,1,1,0,1,2,1,1,2,2,2,2,0,2,0,2
4,1,1,0,0,1,1,1,2,1,1,1,2,33,1,1,1,3,1,2,1,3,2,2,2,0,2,2,2
6,1,1,1,0,1,2,1,0,0,1,1,2,32,1,1,2,2,1,4,0,2,3,2,0,0,0,0,1
6,0,1,2,1,1,0,2,2,1,1,1,1,62,2,1,0,6,2,3,0,3,2,2,0,1,0,1,0
3,0,1,1,1,1,1,1,2,1,1,1,2,37,1,1,1,4,2,2,1,4,2,2,1,0,0,2,2
3,1,1,1,1,0,2,1,1,0,0,0,0,32,1,1,2,2,3,4,0,1,4,2,0,0,1,0,1
6,1,1,1,1,1,0,1,0,0,1,1,1,31,1,1,1,6,6,2,1,0,2,2,0,1,1,1,0
2,1,1,1,1,1,0,1,1,1,1,1,1,28,1,1,1,3,2,0,1,4,2,2,0,0,0,2,2
3,1,1,1,1,1,1,1,2,1,1,1,2,48,2,1,2,2,2,3,1,4,2,2,2,0,2,0,2
3,1,1,1,1,2,0,1,2,1,1,2,2,40,1,1,1,2,3,3,1,4,2,2,2,0,2,0,2
3,1,1,2,1,0,1,1,2,1,1,1,1,29,1,1,0,5,2,2,0,2,2,2,0,1,0,2,0
3,0,1,1,1,1,0,1,0,0,1,0,0,33,1,1,0,8,1,3,1,1,1,2,0,1,1,1,0
3,0,1,1,1,0,1,0,0,0,0,0,0,27,1,1,1,4,3,3,0,2,3,2,0,0,0,2,1
3,0,1,0,1,1,2,1,0,0,0,0,0,24,1,1,1,0,2,2,0,0,2,2,0,0,1,0,1
3,1,1,1,1,1,1,1,2,1,1,2,2,28,1,1,1,2,2,3,1,3,2,2,0,0,0,0,2
1,1,1,0,1,1,2,2,1,0,1,0,0,42,1,1,2,6,2,4,0,3,2,0,0,1,0,1,0
3,1,1,1,1,1,0,0,0,0,0,0,0,28,1,1,1,0,1,2,0,0,2,2,0,0,1,0,1
5,1,1,1,1,1,1,2,2,1,1,1,1,40,1,1,2,2,2,2,1,4,2,2,2,0,2,0,2
6,1,1,1,0,1,0,0,1,1,1,1,1,32,2,1,2,5,3,0,1,4,0,3,0,1,0,2,0
3,1,1,1,1,1,0,1,1,1,1,0,1,33,1,1,2,2,1,3,1,1,2,2,2,0,1,0,1
3,1,1,1,1,1,0,1,1,1,1,0,0,40,1,1,2,2,2,3,1,1,2,2,0,0,1,0,1
2,1,1,2,1,1,0,1,2,1,1,1,2,26,1,1,0,4,1,0,1,4,2,2,0,0,0,2,2
4,1,1,1,0,1,0,1,2,1,1,1,2,39,2,1,1,3,2,3,1,4,1,2,3,0,2,2,2
5,0,1,1,2,1,0,1,1,0,0,0,1,38,1,1,0,4,2,4,0,1,2,2,1,1,1,2,0
6,1,1,1,1,1,0,1,2,0,0,1,2,34,1,1,1,3,1,1,2,3,1,2,0,1,0,2,2
3,0,1,1,2,1,1,2,2,1,1,1,2,44,1,1,0,1,2,3,1,3,2,3,2,0,2,0,2
3,1,1,1,1,1,0,1,1,0,0,0,2,54,1,1,2,2,2,3,1,0,1,2,3,0,1,0,1
4,1,1,2,0,1,2,2,0,0,0,0,0,24,1,1,2,2,2,4,0,0,2,2,0,0,1,0,1
2,1,1,2,1,1,2,2,2,1,1,1,2,31,1,1,1,8,4,4,0,4,1,0,3,1,2,1,0
6,1,1,0,0,1,0,1,2,1,1,1,2,47,3,1,1,6,3,3,2,4,1,3,4,1,2,1,0
6,1,1,2,1,2,2,2,2,1,1,0,2,30,1,1,1,4,7,4,0,4,2,2,4,1,2,2,0
3,1,1,1,1,2,0,1,0,0,0,0,0,34,1,1,2,2,2,3,1,2,1,2,3,0,2,0,2
2,1,1,2,1,1,0,2,2,1,1,2,2,29,3,1,1,7,4,4,0,4,2,2,0,1,0,1,0
6,1,1,1,1,0,1,1,0,0,0,0,0,27,1,1,1,4,3,3,1,0,3,2,0,1,1,2,1
6,0,1,2,1,1,0,1,2,1,1,1,2,29,1,1,0,6,2,1,0,2,2,2,0,1,0,1,0
3,1,1,1,2,1,0,0,1,0,0,0,1,43,2,1,1,2,2,3,1,1,2,2,2,0,1,0,1
4,1,1,2,1,1,0,1,2,1,1,1,1,31,3,1,1,3,2,1,1,4,1,2,2,0,2,2,2
2,0,1,1,1,1,1,1,1,0,0,0,1,27,1,1,0,2,4,0,2,0,2,2,3,0,1,0,1
2,1,1,0,0,1,1,1,2,1,1,1,2,29,1,1,0,0,1,2,1,2,2,3,2,0,2,0,2
2,1,1,1,1,1,0,0,0,0,0,0,0,29,1,1,0,0,2,2,0,0,2,2,0,0,1,0,1
6,1,1,1,1,1,0,1,2,1,0,0,1,42,1,1,1,5,2,2,1,2,2,2,1,1,0,2,0
2,1,1,1,1,1,0,1,0,0,0,0,1,26,2,1,2,3,2,1,1,4,1,2,0,0,0,2,2
2,1,1,1,1,1,1,1,0,1,1,1,2,26,1,1,1,6,3,4,0,4,2,2,3,1,2,1,0
3,1,1,1,0,2,0,1,2,1,1,1,2,34,1,1,1,2,1,3,1,4,1,2,3,0,2,0,2
2,1,1,1,1,1,1,1,0,0,0,0,0,22,1,1,1,4,7,3,0,0,2,2,0,0,1,2,1
4,1,1,2,1,1,1,1,2,1,1,1,2,33,1,1,1,4,3,2,1,4,2,2,0,1,0,2,0
3,1,1,1,2,0,2,2,0,0,0,0,0,53,1,1,2,4,7,3,0,0,3,2,0,0,1,2,1
3,1,1,1,1,1,1,2,2,1,1,1,2,32,1,1,0,4,6,3,1,4,4,2,2,0,2,2,2
2,1,1,1,1,1,0,2,0,1,1,1,0,32,1,1,1,0,4,2,1,2,1,2,3,0,2,0,2
3,1,1,1,1,1,0,0,1,0,0,1,1,55,1,1,1,2,2,3,1,0,2,2,2,0,1,0,1
2,1,1,2,2,1,2,1,0,0,1,0,0,27,1,1,0,1,2,1,1,0,1,2,1,0,1,0,1
2,1,1,1,1,1,0,1,0,0,0,1,1,34,1,1,2,0,1,2,1,2,1,2,1,0,0,0,1
2,1,1,2,2,1,0,1,2,1,1,0,1,26,1,1,1,0,3,3,1,4,2,2,0,0,0,0,2
3,1,1,1,1,2,0,2,2,1,1,1,2,25,1,1,0,1,1,3,1,4,0,3,3,0,2,0,2
6,1,1,1,1,1,1,1,1,1,1,0,1,39,1,1,1,8,2,4,1,4,2,1,0,1,0,1,0
3,1,1,1,1,1,0,1,1,0,1,0,2,32,1,1,0,5,1,2,0,1,2,2,0,1,1,2,0
3,1,1,1,1,1,1,1,1,1,1,1,1,46,1,1,1,2,1,3,1,2,1,2,3,0,2,0,2
3,1,1,1,2,1,0,1,0,0,0,0,0,52,2,1,1,2,8,3,1,0,1,2,0,0,1,0,1
5,1,1,1,0,2,0,0,1,1,1,0,2,33,3,1,0,5,2,1,2,4,0,2,1,1,0,2,0
3,1,1,1,2,1,0,0,0,0,0,0,0,58,1,1,1,4,4,1,1,0,0,2,3,0,1,2,1
2,1,1,2,2,2,0,1,2,1,1,1,2,30,1,1,0,0,1,0,2,0,0,2,3,0,1,0,1
3,1,1,1,1,1,0,1,0,0,0,0,0,46,3,1,1,2,1,3,1,0,1,2,0,0,1,0,1
6,0,1,1,1,1,0,1,2,1,0,0,1,45,1,1,1,3,4,0,1,4,1,2,1,1,0,2,2
1,1,1,0,0,2,0,0,0,1,1,0,0,26,2,1,1,0,1,0,2,4,0,2,2,0,2,0,2
4,1,1,2,1,1,0,1,2,1,1,1,2,22,1,1,0,6,3,0,2,3,2,2,1,1,0,1,0
2,1,1,0,1,1,2,2,0,0,0,0,1,21,1,1,1,3,2,0,2,3,2,2,0,0,0,2,2
6,1,1,1,1,1,0,1,1,1,1,1,1,3,1,1,1,7,3,3,1,3,1,2,1,1,0,1,0
5,0,1,2,0,2,0,1,0,0,0,0,0,34,1,1,1,5,1,2,0,0,0,2,1,1,1,2,0
3,1,1,1,1,1,0,1,0,0,0,0,0,25,2,1,1,4,6,3,0,0,3,2,2,0,1,2,1
2,1,1,2,1,1,0,1,2,1,1,2,2,27,1,1,1,3,2,2,0,4,1,3,3,0,2,2,2
3,1,1,1,0,1,0,0,2,1,1,0,1,25,2,1,0,3,1,0,3,4,0,2,3,0,2,2,2
5,1,1,2,1,1,2,1,1,1,1,0,0,33,1,1,1,8,3,3,0,2,2,0,1,1,0,1,0
3,1,1,1,1,2,0,2,2,1,1,0,2,26,2,1,2,2,1,3,1,3,0,2,3,0,2,0,2
2,1,1,1,1,1,0,0,0,0,0,0,0,36,2,1,2,1,1,2,1,2,0,2,0,0,0,0,1
2,1,1,1,1,1,0,1,1,0,1,1,1,26,1,1,0,2,3,0,2,2,2,2,2,0,2,0,2
2,1,1,1,1,0,2,1,1,0,0,0,1,34,1,1,0,1,4,2,0,2,4,2,1,0,0,0,1
3,1,1,2,0,2,0,2,2,1,1,1,2,34,1,1,1,4,4,2,3,4,2,4,4,0,2,2,2
6,0,1,2,1,1,0,2,2,1,1,1,2,25,1,1,1,6,4,1,1,2,0,1,0,1,0,1,0
3,1,1,1,1,1,0,1,1,0,1,1,1,33,2,1,1,2,2,3,1,3,2,2,3,0,2,0,2
3,1,1,0,1,1,0,1,0,0,0,0,0,27,2,1,1,2,2,2,1,2,2,2,0,0,0,0,1
3,1,1,1,1,1,0,1,0,0,1,0,0,24,2,1,0,2,4,0,2,1,2,2,2,0,1,0,1
6,0,1,1,1,1,0,1,0,1,1,1,1,47,2,1,1,4,4,1,1,4,2,2,1,1,0,2,0
3,1,1,2,1,1,1,1,0,0,0,0,0,37,1,1,1,5,2,4,0,1,2,2,1,1,1,2,0
6,0,1,1,1,1,0,1,2,1,1,0,2,35,3,1,1,2,2,2,3,3,2,2,2,0,2,0,2
4,0,1,2,1,1,0,0,2,1,1,2,2,30,1,1,2,4,3,0,2,3,0,2,1,1,0,2,0
6,0,1,2,1,1,0,1,0,0,0,0,0,42,1,1,0,6,5,1,1,0,2,2,3,1,1,1,0
3,1,1,1,0,1,0,1,2,1,1,1,2,36,2,1,1,2,2,3,1,4,1,3,1,0,0,0,2
4,1,1,2,1,1,0,1,1,0,0,0,0,31,1,1,2,4,2,2,0,2,0,2,2,1,2,2,0
4,1,1,1,1,1,0,2,1,1,0,0,1,28,2,1,2,5,2,2,1,2,1,2,3,1,2,2,0
2,1,1,2,2,1,0,1,2,1,1,1,2,36,2,1,0,4,8,2,2,4,2,3,0,0,0,2,2
3,0,1,1,1,1,0,1,1,1,1,1,2,32,1,1,1,1,2,0,0,3,2,2,1,0,0,0,2
3,1,1,1,1,2,0,1,0,0,0,0,0,42,1,1,2,2,2,3,1,0,1,2,3,0,1,0,1
4,1,1,1,1,2,0,1,1,0,0,0,1,41,2,1,0,2,1,1,1,1,2,2,2,0,1,0,1
3,0,1,1,1,0,1,1,0,0,0,0,0,36,1,1,1,6,1,2,0,0,2,2,0,1,1,1,0
3,1,1,1,1,1,0,2,2,1,1,0,2,23,1,1,1,8,3,1,2,4,2,2,1,1,0,1,0
3,0,1,2,1,1,1,0,0,0,0,0,0,34,2,1,0,6,4,3,2,0,1,2,1,1,1,1,0
2,1,1,1,1,1,0,2,0,0,0,0,0,36,1,1,0,1,2,4,2,0,2,2,0,0,1,0,1
1,1,1,1,1,1,0,2,0,0,0,0,0,27,1,1,0,4,1,2,1,2,2,2,3,0,2,2,2
4,1,1,1,1,1,0,2,2,1,1,0,0,32,1,1,2,5,4,2,1,4,2,2,3,1,2,2,0
2,1,1,0,1,1,1,0,1,1,1,1,1,21,1,1,0,4,2,1,2,3,2,2,1,0,0,2,2
1,1,1,2,1,0,2,1,0,0,0,0,0,44,1,1,2,5,2,4,0,0,4,2,0,0,1,2,1
3,1,1,1,2,0,0,1,2,0,0,1,1,33,1,1,2,4,4,3,0,3,2,2,0,0,0,2,2
6,1,1,2,1,1,0,0,2,1,1,1,2,38,1,1,1,3,2,0,2,4,1,2,3,1,2,2,2
6,1,1,1,1,1,0,1,0,0,0,1,1,38,1,1,1,7,4,2,1,3,2,2,3,1,2,1,0
3,1,1,1,2,0,0,1,0,0,0,0,0,38,2,1,2,2,4,3,1,1,2,2,0,0,1,0,1
1,1,1,0,0,1,2,0,0,0,1,1,0,22,2,1,2,2,3,0,2,1,1,2,3,0,2,0,1
3,1,1,1,0,2,1,1,2,1,1,1,2,33,3,1,1,2,0,3,1,3,0,2,4,0,2,0,2
6,0,1,1,1,1,1,0,0,0,0,0,0,27,2,1,0,1,1,2,1,2,2,2,3,0,2,0,1
3,1,1,1,2,1,0,1,2,0,1,1,1,55,2,1,1,2,4,3,1,4,2,2,1,0,0,0,2
2,0,1,1,0,1,0,1,2,1,1,1,1,66,1,1,1,0,2,2,1,4,0,2,1,0,0,0,2
1,0,1,1,1,1,0,0,1,0,1,0,0,25,1,1,1,2,2,0,1,3,2,2,0,0,0,0,2
3,1,1,1,1,1,0,1,0,0,0,0,0,22,1,1,0,0,3,2,1,1,1,2,3,0,1,0,1
3,1,1,1,1,1,1,1,0,0,0,1,2,29,1,1,1,0,0,4,0,0,0,2,1,0,1,0,1
4,1,1,0,0,1,1,1,0,0,1,1,1,33,1,1,0,4,8,2,3,2,2,4,3,1,2,2,2
2,1,1,1,1,1,0,0,0,0,0,0,0,27,1,1,0,0,3,0,1,1,1,2,0,0,1,0,1
2,1,1,1,1,1,1,1,1,1,1,0,1,44,1,1,1,2,3,1,2,3,2,4,2,0,2,0,2
3,1,1,1,1,2,1,1,2,0,1,1,2,38,1,1,1,2,1,3,1,3,2,2,2,0,2,0,2
2,0,1,1,1,1,0,1,0,0,0,0,0,32,1,1,2,3,2,0,1,0,1,2,0,0,1,2,1
5,0,1,0,0,1,0,0,0,0,0,0,0,59,2,1,0,7,1,1,2,0,0,2,2,1,1,1,0
3,1,1,1,1,1,1,1,0,0,0,0,0,43,3,1,1,2,3,3,1,1,1,2,1,0,1,0,1
3,1,1,1,1,1,0,2,2,1,1,1,2,55,2,1,2,2,2,3,1,2,2,2,0,0,0,0,1
6,1,1,1,1,1,2,2,0,1,1,1,1,32,1,1,2,6,8,4,0,4,4,2,1,1,0,1,0
6,0,1,1,1,1,1,0,1,0,0,0,0,41,1,1,0,2,2,0,2,1,0,2,1,0,1,0,1
1,1,1,1,1,1,1,2,2,1,1,1,1,38,2,1,2,3,2,4,0,4,2,2,0,0,0,2,2
3,1,1,1,1,1,0,0,2,1,1,1,2,46,1,1,1,2,2,3,1,2,0,2,2,0,2,0,2
6,0,1,2,1,1,1,1,0,1,1,1,1,43,1,1,0,4,3,3,0,4,0,2,2,1,2,2,0
4,1,1,2,1,2,0,1,2,1,1,1,2,29,2,1,2,6,2,3,0,4,1,1,3,1,2,1,0
3,1,1,1,1,0,2,1,0,0,0,0,0,42,1,1,2,2,2,3,1,2,2,2,0,0,0,0,1
4,1,1,1,1,1,0,1,0,0,0,0,0,25,2,1,0,5,2,3,0,0,2,2,0,1,1,2,1
3,1,1,0,0,2,0,1,2,1,0,1,2,49,1,1,0,6,1,3,0,2,1,3,2,1,2,1,0
3,1,1,1,0,2,0,1,2,1,1,1,1,36,1,1,2,2,1,0,2,2,0,2,1,0,0,0,2
3,1,1,1,1,1,1,1,0,0,0,0,2,30,1,1,2,2,1,3,1,2,0,2,3,0,2,0,2
3,1,1,1,1,1,0,1,0,0,0,0,0,28,1,1,1,3,0,2,1,2,2,2,0,0,0,2,1
6,0,1,1,1,2,0,1,2,1,1,1,2,37,1,1,1,1,3,0,1,4,0,2,1,0,0,0,2
3,1,1,1,1,1,1,1,0,0,0,0,0,37,1,1,1,2,1,3,1,2,1,2,0,0,0,0,1
3,1,1,1,1,1,1,2,2,1,1,2,2,42,1,1,2,2,3,3,1,1,2,3,2,0,1,0,2
6,0,1,2,1,1,0,1,2,1,1,1,2,32,1,1,0,8,4,3,0,4,2,2,0,1,0,1,0
1,1,1,1,1,1,1,1,1,0,0,0,0,28,1,1,2,2,4,1,0,1,2,2,2,0,1,0,1
6,0,1,1,1,1,0,1,2,1,1,1,1,28,1,1,0,3,4,1,0,4,2,2,0,1,0,2,2
6,1,1,1,1,1,0,1,2,1,1,1,2,29,1,1,0,5,2,0,1,4,2,2,1,1,0,2,0
4,1,1,1,0,1,0,2,1,1,0,1,2,35,1,1,2,3,2,4,0,1,0,2,3,0,1,2,1
3,1,1,1,1,1,0,1,2,1,1,1,2,31,2,1,1,2,3,3,1,4,1,4,1,0,0,0,2
3,1,1,1,2,1,0,1,2,1,1,1,2,46,2,1,0,2,1,3,1,4,1,2,3,0,2,0,2
3,1,1,1,1,1,1,1,1,1,1,1,1,19,1,1,1,2,3,3,1,3,1,2,2,0,2,0,2
5,1,1,2,1,1,1,1,1,0,0,0,0,35,1,1,2,5,3,4,0,2,2,2,0,1,0,2,0
6,0,1,2,1,1,1,2,0,0,0,1,0,31,1,1,1,5,2,4,0,2,2,2,2,1,2,2,0
3,1,1,1,1,1,1,1,0,0,0,0,0,31,1,1,1,2,2,3,1,0,2,2,0,0,1,0,1
6,1,1,2,1,1,2,1,0,0,0,0,0,37,1,1,2,8,1,3,0,0,0,2,4,1,1,1,0
2,1,1,2,1,1,1,2,2,1,1,0,2,34,2,1,1,6,1,4,0,4,2,2,0,1,0,1,0
3,1,1,1,1,1,1,2,0,1,1,0,1,39,2,1,1,4,3,3,0,4,1,2,1,0,0,2,2
3,1,1,1,1,1,1,2,0,0,1,0,1,29,2,1,2,2,2,3,1,2,2,2,0,0,0,0,1
4,1,1,1,1,1,0,1,2,1,1,1,2,29,2,1,2,4,2,1,1,4,0,2,3,1,2,2,2
6,1,1,2,2,0,1,1,0,0,1,0,1,63,1,1,1,5,6,4,0,4,2,2,0,1,0,2,0
3,1,1,1,1,1,0,1,2,1,1,1,2,45,1,1,0,2,4,3,1,1,2,2,2,0,1,0,1
3,1,1,1,1,1,1,1,1,0,0,1,1,35,1,1,2,2,1,3,1,2,4,2,0,0,0,0,1
3,1,1,1,1,1,0,1,1,1,1,2,1,32,1,1,2,2,2,3,1,4,2,2,2,0,2,0,2
3,1,1,1,1,2,0,0,0,0,0,0,0,44,1,1,2,2,2,3,1,2,0,2,3,0,2,0,2
6,0,1,1,1,2,0,1,2,1,1,2,2,28,3,1,0,0,1,0,3,4,0,3,4,0,2,0,2
3,1,1,1,2,1,1,1,1,0,1,0,0,39,1,1,1,2,2,3,1,1,2,2,3,0,1,0,1
3,1,1,1,1,1,0,1,1,0,1,1,2,55,2,1,1,2,2,3,1,4,1,2,2,0,2,0,2
3,1,1,1,1,2,0,1,2,1,1,1,2,33,2,1,1,2,2,3,1,3,0,2,3,0,2,0,2
2,1,1,0,1,1,2,1,0,0,0,0,0,19,1,1,2,0,1,4,0,0,1,2,0,0,1,0,1
6,1,1,2,1,2,0,1,1,0,0,1,2,40,1,1,2,2,1,0,2,3,0,2,2,0,2,0,2
6,0,1,2,1,1,1,1,0,1,1,0,1,49,2,1,1,8,2,3,1,3,2,2,0,1,0,1,0
2,1,1,2,1,0,1,0,0,0,0,0,0,27,2,1,1,4,2,4,0,1,2,2,0,0,1,2,1
6,0,1,2,1,2,0,1,2,1,1,1,2,39,1,1,0,6,4,0,1,4,1,3,3,1,2,1,0
6,0,1,2,1,1,2,2,2,1,1,0,1,35,1,1,0,6,2,4,0,2,3,1,1,1,0,1,0
3,1,1,1,1,1,1,1,1,0,0,1,1,35,1,1,1,2,2,2,1,2,2,2,0,0,0,0,1
3,1,1,1,1,1,0,1,2,1,1,1,2,42,2,1,1,3,2,1,1,3,2,3,4,0,2,2,2
2,1,1,2,1,1,2,1,0,0,0,0,0,35,1,1,1,6,1,3,0,0,1,2,2,1,1,1,0
4,1,1,1,2,1,0,1,0,1,1,1,2,31,2,1,1,2,3,3,0,3,2,2,2,0,2,0,2
3,1,1,1,1,1,1,1,2,1,1,1,1,44,1,1,2,2,1,3,1,4,1,2,0,0,0,0,2
4,1,1,1,1,1,1,1,1,0,1,1,1,39,1,1,1,4,2,0,1,2,3,2,0,1,0,2,0
3,1,1,1,1,1,1,0,0,0,0,0,0,32,1,1,2,2,2,3,1,1,4,2,0,0,1,0,1
6,1,1,1,1,1,1,2,0,0,0,0,0,45,1,1,1,3,2,1,1,0,1,2,2,1,1,2,1
3,1,1,1,1,1,0,1,0,0,1,0,0,31,1,1,1,2,3,3,1,0,1,2,1,0,1,0,1
3,1,1,1,2,1,0,1,2,1,1,1,1,47,2,1,1,2,3,3,1,4,2,2,0,0,0,0,2
3,1,1,1,1,1,0,1,0,0,1,0,0,29,1,1,1,1,4,1,1,3,2,2,0,0,0,0,1
2,1,1,1,1,1,0,1,0,1,1,0,2,20,1,1,2,2,2,4,0,4,2,2,0,0,0,0,2
4,1,1,1,1,1,0,0,0,0,0,0,0,34,1,1,0,1,2,2,2,2,2,2,0,0,0,0,1
5,1,1,2,2,1,0,2,2,1,1,1,2,33,3,1,0,4,4,4,0,2,2,2,0,1,0,2,0
3,1,1,1,1,1,0,1,1,0,1,1,2,56,2,1,2,2,4,3,1,3,1,2,2,0,2,0,2
3,1,1,1,1,2,0,0,2,0,0,1,0,35,1,1,1,2,2,3,1,4,4,2,1,0,0,0,2
4,1,1,1,1,2,0,1,2,1,1,1,2,31,1,1,1,5,3,0,2,4,1,2,1,1,0,2,0
6,1,1,2,2,1,0,2,2,1,1,1,2,36,1,1,1,8,5,4,2,4,2,0,3,1,2,1,0
4,1,1,0,0,1,2,1,2,0,0,0,0,30,1,1,2,6,1,0,2,2,0,2,4,1,2,1,0
6,0,1,2,1,1,0,1,1,1,1,1,1,44,2,1,0,4,4,1,1,4,0,2,2,1,2,2,0
1,1,1,1,1,1,0,1,2,1,1,1,2,23,2,1,1,2,2,1,1,3,2,2,0,0,0,0,2
6,0,1,1,1,1,0,1,0,0,0,0,0,46,1,1,0,4,2,0,1,0,2,2,0,1,1,2,1
4,1,1,1,1,1,0,1,2,1,1,0,1,33,2,1,2,4,7,4,1,4,0,2,2,1,2,2,2
3,1,1,1,1,1,0,1,1,1,1,1,1,45,1,1,1,2,2,3,1,2,2,3,2,0,2,0,2
2,1,1,1,1,0,1,1,2,0,1,0,2,26,1,1,1,0,2,4,0,3,2,2,0,0,0,0,2
3,1,1,1,1,1,0,0,0,0,0,0,0,32,2,1,2,2,4,3,1,0,2,2,2,0,1,0,1
6,1,1,1,1,1,0,0,0,0,0,0,0,28,3,1,1,3,2,1,0,0,2,2,0,1,1,2,1
3,1,1,1,1,1,1,1,0,0,0,0,0,44,1,1,1,2,2,3,1,2,3,2,0,0,0,0,1
3,1,1,1,1,1,0,2,1,0,0,0,2,42,1,1,2,2,2,3,1,3,2,3,1,0,0,0,2
6,1,1,1,1,1,0,2,0,0,0,0,0,30,1,1,1,5,2,4,1,0,2,2,0,1,1,2,0
2,1,1,1,1,2,0,0,1,1,1,0,2,28,2,1,1,2,2,0,2,3,0,2,3,0,2,0,2
4,1,1,2,2,1,1,2,2,1,1,1,2,31,1,1,2,6,4,4,0,4,2,0,2,1,2,1,0
4,1,1,1,1,1,0,0,1,0,0,0,0,29,1,1,1,2,2,1,1,2,1,2,0,0,0,0,1
3,1,1,1,1,1,0,0,1,0,0,0,0,33,1,1,1,1,2,0,1,1,0,2,2,0,1,0,1
6,1,1,2,1,1,0,1,2,1,1,1,1,43,2,1,2,7,3,2,1,4,0,2,3,1,2,1,0
4,1,1,1,1,1,0,1,1,0,0,0,1,28,1,1,2,6,1,3,0,0,1,2,1,1,1,1,0
3,1,1,1,1,1,0,1,1,0,0,1,2,42,3,1,2,2,2,3,1,2,2,2,0,0,0,0,1
4,1,1,1,1,1,0,2,2,1,1,1,2,38,1,1,2,3,2,1,2,4,0,2,2,0,2,2,2
2,0,1,2,2,1,0,1,1,1,1,0,1,30,1,1,1,4,4,1,1,2,0,2,2,0,2,2,2
3,1,1,1,0,2,0,1,2,1,1,0,2,51,2,1,1,2,5,3,1,4,1,2,3,0,2,0,2
3,1,1,1,2,2,0,0,0,0,0,0,0,48,2,1,0,2,4,0,1,0,1,2,3,0,1,0,1
3,1,1,1,1,0,1,1,1,0,0,0,0,39,1,1,2,2,1,3,1,2,2,2,0,0,0,0,1
2,1,1,1,0,2,0,1,0,0,0,0,0,28,1,1,1,0,1,1,2,0,1,2,2,0,1,0,1
4,1,1,2,2,1,0,1,1,1,1,1,2,37,1,1,2,8,6,3,2,4,2,2,2,1,2,1,0
6,1,1,1,1,1,0,1,0,0,1,1,1,33,1,1,1,4,1,3,1,3,2,2,1,1,0,2,0
2,1,1,1,1,1,0,1,2,0,1,0,2,21,1,1,0,0,2,2,2,0,2,3,2,0,1,0,1
3,0,1,1,1,1,0,1,0,1,1,1,2,25,1,1,1,3,2,0,3,4,0,2,2,0,2,2,2
3,1,1,1,1,1,2,0,0,0,0,0,0,15,1,1,1,2,2,3,1,0,2,2,0,0,1,0,1
4,1,1,1,1,2,0,2,2,1,1,1,2,40,1,1,2,2,2,1,2,4,2,3,2,0,2,0,2
4,0,1,1,1,1,0,1,1,1,1,0,2,30,2,1,1,1,4,1,1,4,2,2,0,0,0,0,2
3,1,1,1,1,1,1,1,1,0,0,1,1,27,1,1,2,2,2,3,1,1,2,2,0,0,1,0,1
1,1,1,0,1,1,2,2,0,0,0,0,0,25,1,1,0,0,2,1,1,0,2,2,0,0,1,0,1
6,1,1,2,1,0,0,1,0,0,0,0,0,38,1,1,1,3,2,3,1,0,2,2,0,1,1,2,1
4,0,1,1,1,1,1,1,1,0,1,1,2,24,1,1,0,2,2,3,1,2,2,2,0,0,0,0,1
2,1,1,1,1,1,1,1,0,0,0,0,0,23,1,1,0,0,2,3,0,0,2,2,0,0,1,0,1
3,1,1,1,1,1,0,1,2,1,1,1,1,39,2,1,2,2,2,3,1,4,1,3,3,0,2,0,2
2,1,1,2,1,1,0,1,0,0,0,0,0,26,1,1,1,2,2,2,1,0,2,2,0,0,1,0,1
6,0,1,1,1,1,1,1,0,0,0,1,0,43,1,1,0,3,3,0,1,0,1,2,0,1,1,2,1
2,1,1,1,1,0,1,1,1,0,0,0,1,30,1,1,2,2,1,2,0,3,4,2,0,0,0,0,2
3,1,1,1,1,1,1,1,2,1,1,1,1,35,1,1,2,2,2,3,1,1,1,2,1,0,1,0,1
3,0,1,1,1,1,0,0,1,0,0,0,1,40,1,1,1,1,2,0,1,2,2,2,1,0,0,0,1
3,0,1,1,1,0,0,1,2,0,1,0,2,33,2,1,0,2,2,0,1,4,4,2,1,0,0,0,2
3,1,1,1,1,1,1,1,1,0,1,1,1,35,1,1,1,2,2,3,1,0,2,2,0,0,1,0,1
2,1,1,1,1,2,1,0,0,0,0,0,0,22,1,1,0,0,1,0,2,1,1,2,1,0,1,0,1
4,1,1,1,1,1,1,1,2,1,1,1,1,28,1,1,2,6,2,2,1,4,2,2,1,1,0,1,0
6,1,1,0,1,2,0,1,2,1,1,1,2,39,1,1,1,4,3,0,1,4,0,2,0,1,0,2,0
4,1,1,1,1,1,1,1,0,0,0,0,0,33,1,1,2,3,3,4,0,1,2,2,1,0,1,2,1
3,1,1,1,1,1,1,0,0,0,0,0,0,25,2,1,2,2,2,3,1,0,2,2,0,0,1,0,1
2,1,1,1,1,1,0,0,0,0,0,0,0,37,1,1,1,2,2,2,0,0,2,2,0,0,1,0,1
5,1,1,1,1,1,1,2,2,1,1,1,2,41,2,1,0,3,2,0,1,4,0,2,0,0,0,2,2
6,1,1,1,1,0,1,1,2,1,0,1,1,30,2,1,1,4,7,0,0,4,4,2,0,1,0,2,0
6,1,1,2,1,1,1,1,0,0,0,0,0,42,1,1,1,8,6,3,0,4,2,2,0,1,0,1,0
2,1,1,1,2,0,1,1,0,0,0,0,0,52,1,1,1,2,3,2,0,0,4,2,0,0,1,0,1
3,1,1,1,1,1,1,1,0,0,0,1,2,30,1,1,2,0,2,2,0,0,2,2,0,0,1,0,1
5,1,1,2,2,0,1,2,2,0,1,1,1,35,1,1,1,5,6,3,0,3,3,2,0,1,0,2,0
3,1,1,1,1,1,0,1,0,1,1,0,0,24,1,1,1,1,2,1,0,2,0,2,0,0,0,0,1
2,1,1,1,1,1,0,1,0,0,0,0,0,39,1,1,1,4,3,3,0,1,2,2,1,0,1,2,1
2,1,1,1,1,1,1,0,0,0,0,0,0,34,1,1,1,3,5,2,3,2,2,2,3,0,2,2,2
3,1,1,1,1,1,1,0,0,0,1,0,0,32,1,1,2,2,7,3,1,2,2,2,0,0,0,0,1
3,1,1,1,1,1,0,2,1,1,1,0,2,25,1,1,1,2,2,3,1,3,2,2,2,0,2,0,2
3,0,1,0,1,2,0,1,1,0,0,2,2,43,1,1,0,0,2,0,2,2,2,2,2,0,2,0,2
2,1,1,2,2,1,0,0,0,0,1,0,0,39,1,1,1,3,5,1,0,0,2,2,1,0,1,2,1
3,1,1,1,1,1,0,2,2,1,0,0,1,35,1,1,2,2,1,3,1,4,1,2,3,0,2,0,2
3,1,1,2,1,1,2,2,2,1,1,1,2,34,1,1,1,4,4,4,0,4,2,1,1,0,0,2,2
6,0,1,1,1,1,0,1,0,0,0,0,0,38,1,1,1,6,2,3,1,0,2,2,0,1,1,1,0
4,1,1,2,2,0,0,2,2,1,1,1,2,26,2,1,2,5,5,4,3,3,4,4,2,1,2,2,0
2,1,1,1,1,1,1,1,0,0,0,0,0,24,1,1,1,1,2,1,1,2,2,2,1,0,0,0,1
6,0,1,1,1,1,0,1,2,1,1,1,2,27,2,1,1,6,1,0,2,4,1,2,0,1,0,1,0
2,1,1,2,1,1,0,1,2,0,1,0,1,25,1,1,0,8,1,1,0,2,0,2,3,1,2,1,0
3,1,1,1,1,1,1,1,0,0,0,0,0,37,1,1,1,2,2,3,1,0,1,2,1,0,1,0,1
6,0,1,2,0,1,0,1,0,0,0,0,0,33,1,1,1,6,1,1,1,3,0,2,3,1,2,1,0
3,0,1,2,1,2,1,1,2,1,1,1,2,34,1,1,1,4,2,0,2,2,1,2,3,0,2,2,2
3,1,1,1,0,1,0,1,2,1,1,0,2,27,1,1,1,2,1,0,1,3,0,2,0,0,0,0,2
4,1,1,1,1,1,0,1,1,1,1,1,2,33,1,1,1,3,2,1,1,4,0,2,2,0,2,2,2
2,1,1,1,1,1,1,1,2,1,1,2,2,50,3,1,1,4,2,4,1,4,2,2,0,0,0,2,2
3,1,1,1,1,2,0,1,2,1,1,1,2,54,2,1,1,2,3,3,1,4,0,2,2,0,2,0,2
6,1,1,2,1,1,0,1,0,1,1,1,2,32,2,1,1,5,3,2,3,3,1,1,2,1,2,2,0
2,1,1,2,1,1,1,1,0,0,0,0,0,39,1,1,1,5,1,2,0,0,1,2,0,1,1,2,1
2,1,1,1,1,0,1,1,0,0,0,0,0,36,1,1,1,3,2,4,0,0,2,2,1,0,1,2,1
4,1,1,1,1,1,0,2,0,0,0,0,0,34,1,1,1,1,3,3,1,1,2,2,0,0,1,0,1
4,1,1,1,1,1,0,1,1,0,1,1,2,31,2,1,1,2,1,3,1,4,2,2,0,0,0,0,2
6,0,1,1,1,1,1,1,1,1,1,0,1,36,1,1,0,4,1,3,0,4,2,2,2,1,2,2,0
6,0,1,2,1,1,0,1,0,0,0,1,2,48,1,1,1,6,1,4,0,1,2,2,0,1,1,1,0
2,1,1,1,1,1,0,0,1,1,1,1,1,31,1,1,0,2,3,3,0,4,0,3,1,0,0,0,2
1,1,1,1,1,1,1,1,0,0,0,0,0,32,1,1,2,0,1,4,0,0,2,2,0,0,1,0,1
4,1,1,1,2,0,0,1,0,0,0,0,0,32,1,1,2,2,4,0,3,0,2,2,2,0,1,0,1
3,1,1,1,1,1,1,1,2,1,1,1,2,31,1,1,2,2,1,3,1,4,2,2,0,0,0,0,2
1,1,1,2,1,1,0,1,2,1,1,1,2,28,2,1,1,2,3,3,0,2,2,2,1,0,0,0,2
6,0,1,1,0,2,0,0,2,1,1,0,0,28,1,1,0,1,1,0,2,4,0,2,2,0,2,0,2
3,1,1,1,2,0,0,1,2,1,1,1,2,33,2,1,1,5,5,1,2,4,4,2,0,1,0,2,0
3,1,1,1,1,1,1,1,0,1,1,0,0,33,1,1,0,2,4,3,1,4,2,2,0,0,0,0,2
3,1,1,1,0,1,0,1,2,1,1,1,2,59,1,1,2,2,4,3,1,2,2,4,2,0,2,0,2
3,1,1,1,1,1,1,2,2,1,1,1,2,33,1,1,1,2,2,3,1,4,2,2,2,0,2,0,2
4,1,1,1,1,1,0,1,1,1,1,1,1,37,1,1,2,2,4,2,3,2,2,2,3,0,2,0,2
2,1,1,1,1,2,0,2,0,1,1,1,1,27,2,1,2,2,1,2,1,2,3,3,4,0,2,0,2
6,1,1,1,2,1,0,1,1,0,0,0,0,39,1,1,2,0,1,2,0,0,4,2,0,0,1,0,1
3,1,1,1,1,1,1,1,0,0,0,1,1,50,1,1,1,2,2,3,1,4,2,2,0,0,0,0,2
6,0,1,2,1,1,0,1,0,0,0,0,0,34,2,1,0,7,4,3,1,1,2,2,0,1,1,1,0
3,1,1,1,1,1,0,1,1,0,0,2,1,50,1,1,1,2,2,3,1,0,2,2,2,0,1,0,1
2,1,1,1,1,1,0,1,1,0,0,0,0,31,2,1,2,1,1,3,0,2,2,2,2,0,2,0,2
6,0,1,0,0,2,0,1,1,1,0,1,2,39,1,1,1,6,3,0,2,3,0,2,2,1,2,1,0
3,1,1,1,1,1,1,1,0,1,1,1,1,46,1,1,1,2,4,0,1,4,2,2,3,0,2,0,2
6,1,1,1,1,1,2,1,1,0,0,1,1,28,1,1,1,2,1,3,0,0,0,2,0,0,1,0,1
3,1,1,2,0,1,1,1,0,0,0,0,0,32,1,1,1,3,2,0,1,0,2,2,0,0,1,2,1
3,1,1,1,1,1,1,1,2,1,1,1,2,65,2,1,1,2,5,3,1,2,2,2,1,0,0,0,2
3,1,1,1,1,0,2,2,1,1,1,1,0,37,1,1,2,2,3,3,1,4,4,2,0,0,0,0,2
3,1,1,1,1,1,1,1,0,0,1,1,1,41,2,1,1,2,2,3,1,2,2,2,0,0,0,0,1
3,1,1,1,1,1,0,1,2,1,1,1,1,38,1,1,1,2,1,3,1,3,2,2,2,0,2,0,2
3,0,1,1,0,2,2,1,2,1,1,1,2,51,1,1,1,4,0,4,0,2,0,2,4,0,2,2,2
5,0,1,2,1,1,1,1,1,0,1,0,0,29,1,1,1,3,1,4,0,2,2,2,2,0,2,2,1
3,1,1,1,2,1,1,1,0,0,1,1,1,37,1,1,2,2,2,3,1,0,1,2,0,0,1,0,1
3,1,1,1,1,1,0,1,0,0,0,0,0,31,1,1,2,2,2,3,1,0,2,2,2,0,1,0,1
1,1,1,0,0,0,2,1,1,0,0,1,1,32,1,1,1,0,1,4,0,3,2,2,0,0,0,0,2
3,1,1,1,1,1,0,2,2,1,1,1,2,31,1,1,1,2,2,3,1,3,1,2,0,0,0,0,2
6,0,1,1,1,1,1,1,0,0,1,0,0,52,1,1,0,2,1,1,1,3,0,2,2,0,2,0,2
3,1,1,1,1,1,1,2,2,1,1,2,2,31,1,1,1,2,2,3,1,4,2,2,2,0,2,0,2
3,1,1,1,1,1,0,2,0,0,0,0,0,38,2,1,2,2,4,3,1,0,2,2,2,0,1,0,1
6,0,1,1,1,2,1,1,1,1,1,1,2,35,1,1,0,5,1,2,2,3,2,2,2,1,2,2,0
3,1,1,1,1,1,0,0,0,0,0,0,0,29,1,1,2,2,5,3,1,1,0,2,2,0,1,0,1
3,1,1,1,1,1,0,1,0,0,1,0,0,63,1,1,2,2,3,3,1,0,1,2,2,0,1,0,1
3,1,1,1,1,1,0,1,2,1,1,1,2,47,2,1,2,2,4,3,1,2,2,3,3,0,2,0,2
3,1,1,1,2,1,0,2,2,1,1,1,2,43,1,1,2,2,3,3,1,4,2,2,3,0,2,0,2
3,1,1,1,1,1,0,1,0,0,0,0,0,38,1,1,1,0,1,4,1,0,2,2,1,0,1,0,1
2,0,1,1,1,1,0,0,1,0,0,0,1,27,1,1,0,2,2,2,1,1,0,2,1,0,1,0,1
2,1,1,2,1,1,0,1,2,0,0,0,2,40,2,1,2,3,4,2,1,4,0,3,1,0,0,2,2
5,0,1,1,1,2,0,1,0,0,0,0,0,32,1,1,0,2,1,0,2,1,0,2,1,0,1,0,1
3,1,1,1,1,1,1,1,1,0,0,0,1,43,2,1,2,2,3,3,1,1,2,2,0,0,1,0,1
4,0,1,2,2,2,0,1,2,1,0,0,2,28,2,1,0,4,4,2,1,3,2,2,4,1,2,2,2
3,1,1,1,1,1,0,0,0,0,0,0,0,46,1,1,2,2,4,3,1,0,2,2,3,0,1,0,1
6,0,1,1,1,1,0,1,0,0,0,0,0,42,1,1,1,2,2,0,1,2,2,2,0,0,0,0,1
1,1,1,1,1,0,0,1,1,1,1,1,1,31,1,1,1,2,4,2,1,4,4,2,0,0,0,0,2
3,1,1,1,0,2,0,1,2,1,1,1,1,37,2,1,0,2,1,3,1,2,0,2,0,0,0,0,1
2,1,1,1,1,1,0,1,2,1,1,1,2,35,1,1,0,0,1,0,0,4,0,2,0,0,0,0,2
3,1,1,1,1,1,1,1,1,0,1,1,1,30,2,1,2,2,2,3,1,0,1,2,1,0,1,0,1
3,1,1,2,1,1,0,2,2,1,1,1,2,35,1,1,1,3,2,4,0,4,2,2,1,0,0,2,2
3,1,1,2,1,1,1,1,2,1,1,1,2,24,1,1,0,5,2,3,1,4,2,2,0,1,0,2,0
2,1,1,0,1,1,0,1,0,0,0,1,1,23,1,1,1,0,2,0,1,0,2,2,1,0,1,0,1
3,1,1,1,1,1,1,1,1,1,1,1,2,39,2,1,2,2,4,3,1,4,1,2,3,0,2,0,2
2,1,1,2,1,1,0,1,0,0,0,0,0,38,1,1,2,2,1,2,0,0,2,2,1,0,1,0,1
3,1,1,1,1,1,1,2,2,1,1,2,2,28,1,1,2,2,2,3,1,4,2,2,0,0,0,0,2
3,1,1,1,1,1,0,1,0,0,0,0,0,30,1,1,1,2,1,3,1,1,2,2,2,0,1,0,1
3,1,1,1,1,1,0,1,1,0,0,0,1,38,1,1,2,2,2,3,1,1,1,2,1,0,1,0,1
3,1,1,1,1,1,2,1,0,0,0,0,0,33,1,1,1,2,2,1,0,0,1,2,0,0,1,0,1
3,1,1,1,1,1,2,1,0,0,0,0,0,35,1,1,1,4,3,4,0,0,4,2,0,0,1,2,1
3,1,1,1,1,0,0,2,0,0,0,0,0,54,3,1,0,2,1,3,1,0,4,2,4,0,1,0,1
4,1,1,1,1,1,1,1,0,0,0,0,0,30,2,1,0,3,2,2,0,1,2,2,0,0,1,2,1
3,1,1,1,1,2,0,1,0,0,1,0,0,32,2,1,2,2,1,3,1,1,1,2,1,0,1,0,1
5,1,1,1,1,1,0,0,1,0,0,0,0,28,1,1,1,2,1,1,0,3,1,2,0,0,0,0,1
2,1,1,1,1,1,1,1,0,1,0,1,1,39,1,1,1,3,2,3,0,3,2,2,0,0,0,2,2
1,1,1,0,2,1,1,2,2,1,1,1,2,21,3,1,2,2,5,2,1,4,2,2,2,0,2,0,2
2,1,1,0,1,1,1,1,0,0,0,0,0,31,1,1,1,8,4,3,1,2,0,2,1,1,0,1,0
6,1,1,1,1,1,0,1,1,0,0,0,0,30,1,1,1,3,2,0,2,0,2,2,0,1,1,2,1
3,1,1,2,1,1,0,0,0,0,0,0,0,25,2,1,1,3,3,2,1,0,2,2,0,0,1,2,1
2,1,1,1,1,1,1,0,0,0,0,0,0,26,1,1,2,2,2,3,1,0,2,2,0,0,1,0,1
3,1,1,2,1,0,0,2,0,0,0,0,0,30,1,1,0,3,4,3,1,1,2,2,1,0,1,2,1
5,1,1,1,1,1,0,1,0,0,0,0,0,30,1,1,0,1,1,3,0,0,2,2,0,0,1,0,1
4,1,1,2,1,1,1,0,0,0,0,0,0,31,1,1,2,5,2,4,0,0,2,2,1,1,1,2,0
4,1,1,1,2,1,0,1,2,1,1,1,1,32,1,1,0,3,3,2,1,4,2,2,0,0,0,2,2
3,0,1,1,1,1,1,1,2,1,1,1,1,45,2,1,2,0,2,3,0,4,1,2,0,0,0,0,2
3,1,1,1,1,1,0,2,1,0,0,1,2,29,1,1,1,2,5,3,1,3,2,2,1,0,0,0,2
3,1,1,1,1,2,0,1,1,0,1,1,1,27,1,1,2,2,2,0,1,4,0,2,1,0,0,0,2
3,1,1,1,0,2,0,0,2,0,0,0,1,28,2,1,2,2,1,1,0,3,0,2,0,0,0,0,2
5,1,1,1,1,1,1,1,0,0,0,1,1,38,1,1,2,4,2,2,1,2,2,2,0,1,0,2,0
5,0,1,1,2,1,0,2,2,1,1,1,2,38,1,1,1,7,7,3,1,4,2,3,3,1,2,1,0
6,1,1,2,1,0,2,2,0,1,1,0,0,34,1,1,1,4,4,3,0,4,2,2,0,1,0,2,0
3,1,1,1,1,1,0,1,0,1,1,0,1,36,1,1,1,2,2,3,1,3,2,2,0,0,0,0,1
2,1,1,2,1,1,0,1,0,0,0,0,0,23,1,1,1,1,2,3,0,0,2,2,0,0,1,0,1
4,0,1,1,1,1,0,1,1,1,1,1,2,40,2,1,1,3,3,1,3,4,2,3,2,0,2,2,2
3,1,1,1,1,1,1,2,2,1,1,0,1,39,1,1,2,2,2,3,1,2,2,2,0,0,0,0,1
3,1,1,1,1,1,0,0,1,1,1,1,1,28,1,1,0,2,2,1,1,4,2,2,0,0,0,0,2
2,1,1,1,1,1,1,0,0,0,0,0,0,33,1,1,1,2,2,4,0,0,2,2,0,0,1,0,1
3,1,1,1,1,1,0,1,1,1,1,1,1,32,1,1,2,2,1,3,1,3,3,2,1,0,0,0,2
6,0,1,2,1,1,0,1,2,1,0,1,1,32,1,1,0,6,2,1,1,4,2,2,2,1,2,1,0
6,1,1,2,1,1,1,1,1,1,1,1,2,27,1,1,0,8,2,3,0,4,1,2,0,1,0,1,0
4,1,1,1,2,2,1,2,0,1,1,0,1,33,1,1,0,0,4,0,2,2,2,2,2,0,2,0,1
4,0,1,1,1,1,0,1,0,0,0,0,0,34,1,1,0,2,2,3,1,2,1,2,1,0,0,0,1
3,1,1,1,1,2,0,1,1,1,1,1,2,38,2,1,1,2,1,3,1,3,0,2,1,0,0,0,2
6,0,1,1,1,1,0,0,0,0,0,0,0,35,1,1,0,4,4,0,1,1,0,2,0,1,1,2,0
3,1,1,2,1,1,0,1,0,0,0,0,0,39,1,1,1,7,1,3,1,1,2,2,0,1,1,1,0
6,0,1,2,2,0,0,1,0,0,0,0,0,35,1,1,0,5,3,2,0,0,3,2,2,1,1,2,0
4,0,1,2,1,1,0,1,2,0,0,0,1,34,1,1,1,2,1,3,0,0,1,2,2,0,1,0,1
3,1,1,1,2,1,0,1,2,1,1,1,1,44,2,1,2,2,6,3,1,4,2,2,1,0,0,0,2
5,0,1,1,1,1,0,2,0,0,1,1,2,42,1,1,2,3,3,3,0,2,0,2,0,0,0,2,1
2,0,1,1,1,1,0,1,0,0,0,0,0,30,1,1,2,3,2,1,1,0,2,2,0,0,1,2,1
3,0,1,0,1,1,0,2,1,0,0,0,1,55,1,1,0,2,2,3,2,3,2,2,0,0,0,0,2
3,1,1,1,2,2,0,1,1,1,1,1,1,46,1,1,1,2,8,1,1,3,0,2,3,0,2,0,2
4,0,1,2,2,0,0,2,2,1,1,1,1,33,1,1,1,4,4,4,0,4,1,1,1,1,0,2,0
3,0,1,2,1,1,2,1,2,1,1,0,1,30,1,1,1,5,4,4,1,4,2,2,2,1,2,2,0
3,1,1,1,1,1,2,1,2,1,1,1,2,30,1,1,1,0,1,4,0,4,2,2,1,0,0,0,2
6,1,1,1,1,2,0,1,1,0,1,1,2,31,2,1,0,6,2,0,3,2,2,3,2,1,2,1,0
6,1,1,2,2,1,1,1,2,1,1,1,2,38,1,1,1,4,2,3,1,2,2,2,0,1,0,2,0
4,1,1,2,1,1,0,1,0,0,0,0,1,30,2,1,1,8,2,4,2,2,2,2,2,1,2,1,0
5,1,1,1,1,2,0,2,2,1,1,0,2,32,1,1,1,8,4,4,1,4,0,2,2,1,2,1,0
6,0,1,1,1,1,0,1,2,1,1,2,2,32,1,1,0,0,1,0,3,3,1,3,3,0,2,0,2
3,1,1,1,1,1,1,1,2,1,1,0,1,47,1,1,1,2,2,2,1,4,2,2,2,0,2,0,2
2,1,1,2,1,1,1,1,1,0,0,0,1,39,1,1,2,2,1,3,0,2,2,2,3,0,2,0,2
4,0,1,1,1,2,0,0,2,1,1,1,2,35,1,1,1,2,2,0,2,4,0,2,0,0,0,0,2
4,1,1,1,2,0,0,1,2,1,1,1,2,36,1,1,1,4,6,0,2,2,2,2,1,1,0,2,0
4,0,1,2,1,1,1,1,0,0,0,0,0,38,2,1,2,8,2,1,1,0,2,2,0,1,1,1,0
4,1,1,2,1,2,0,2,1,0,1,1,2,30,1,1,1,4,2,1,2,3,2,2,2,1,2,2,0
3,1,1,1,1,1,1,1,0,0,1,0,0,33,1,1,1,2,2,4,1,3,2,2,0,0,0,0,1
2,1,1,1,1,1,1,0,2,0,0,0,0,22,1,1,0,4,0,1,2,4,2,2,0,0,0,2,2
3,1,1,1,1,1,0,1,1,1,1,0,1,35,1,1,2,2,1,3,1,2,1,2,1,0,0,0,1
3,0,1,1,1,1,1,1,0,0,1,0,1,26,1,1,0,2,1,3,1,1,2,2,0,0,1,0,1
4,1,1,2,2,0,1,2,1,0,1,1,1,34,1,1,2,7,7,4,0,1,3,2,0,1,1,1,0
3,1,1,1,1,1,0,1,1,0,0,0,0,40,1,1,1,2,1,3,1,3,0,2,1,0,0,0,2
4,1,1,1,0,2,0,0,2,1,0,2,2,37,1,1,2,2,1,4,3,1,0,2,3,0,2,0,2
1,1,1,1,1,1,2,1,0,0,0,0,0,43,1,1,1,0,2,1,1,0,2,2,0,0,1,0,1
3,1,1,1,1,1,2,2,2,1,1,1,2,20,1,1,1,2,2,3,1,3,2,2,0,0,0,0,2
5,1,1,1,1,1,0,2,2,1,1,2,2,30,2,1,1,2,2,4,1,4,2,2,3,0,2,0,2
6,1,1,1,1,1,1,0,1,0,0,0,0,32,1,1,1,7,2,1,0,3,1,2,4,1,2,1,0
6,0,1,2,1,2,1,1,0,0,0,0,0,35,1,1,2,6,1,3,1,0,1,2,1,1,1,1,0
3,1,1,1,1,1,0,1,0,0,0,0,0,29,1,1,1,2,7,2,0,0,3,2,0,0,1,0,1
5,0,1,1,1,1,2,1,1,0,0,1,1,29,1,1,0,2,2,4,0,3,1,2,1,0,0,0,2
6,1,1,1,1,1,0,1,0,0,0,0,0,30,1,1,2,4,5,2,1,1,2,2,1,1,1,2,0
4,1,1,2,2,1,0,1,2,0,0,1,1,30,1,1,0,2,4,0,1,3,2,2,1,0,0,0,2
4,1,1,2,1,1,2,2,2,1,1,0,2,38,1,1,2,4,5,4,0,4,4,2,3,1,2,2,2
3,0,1,1,1,1,2,2,1,0,1,1,1,30,1,1,0,2,2,4,1,4,1,2,2,0,2,0,2
3,1,1,1,1,1,2,1,2,1,0,1,1,26,1,1,0,0,1,1,0,2,2,2,0,0,0,0,1
3,1,1,1,1,0,2,1,2,1,1,1,1,27,1,1,2,2,3,3,1,2,4,0,3,0,2,0,2
1,1,1,1,1,0,1,1,0,0,0,0,0,24,1,1,2,0,3,2,0,0,2,2,0,0,1,0,1
4,1,1,1,1,1,0,1,0,0,0,0,0,35,1,1,0,3,2,1,2,0,0,2,0,0,1,2,1
6,1,1,1,1,1,0,2,1,1,1,1,1,38,1,1,1,6,2,3,2,1,1,2,0,1,1,1,0
4,1,1,2,2,1,0,1,2,1,1,1,2,36,3,1,1,5,5,0,1,2,0,2,2,1,2,2,0
3,1,1,1,1,1,2,2,2,1,1,1,1,34,1,1,2,2,3,3,1,2,2,2,3,0,2,0,2
3,1,1,1,1,1,0,1,1,1,1,1,1,35,1,1,1,6,3,2,0,3,2,2,2,1,2,1,0
2,1,1,1,1,1,0,1,0,0,0,0,0,25,1,1,1,3,3,4,0,1,3,2,0,0,1,2,1
4,1,1,1,0,1,2,2,1,1,1,1,2,32,2,1,0,3,2,4,0,2,4,1,3,0,2,2,2
4,1,1,1,1,1,0,1,0,0,0,1,1,32,3,1,0,1,1,1,1,2,1,2,1,0,0,0,1
3,1,1,1,1,1,0,1,1,1,1,1,1,37,1,1,1,2,1,3,1,3,2,2,0,0,0,0,2
4,1,1,2,2,1,1,1,1,0,1,0,1,28,1,1,1,4,5,3,0,2,2,2,0,1,0,2,0
5,1,1,2,1,1,0,1,0,0,1,0,1,34,2,1,1,8,2,2,1,2,2,2,0,1,0,1,0
6,1,1,2,2,1,0,1,2,1,1,1,1,40,2,1,0,6,6,1,1,4,1,2,2,1,2,1,0
6,1,1,1,1,1,0,0,0,1,1,1,2,45,1,1,0,5,2,0,1,3,2,2,2,1,2,2,0
4,1,1,1,1,1,1,1,0,0,0,0,0,31,1,1,1,4,2,4,0,2,0,2,0,1,0,2,1
6,0,1,1,1,1,1,2,2,1,1,1,2,30,1,1,1,8,4,2,1,4,2,2,0,1,0,1,0
6,0,1,1,1,1,2,2,0,0,0,0,0,47,2,1,1,8,2,4,1,0,1,2,3,1,1,1,0
4,1,1,1,1,2,0,1,0,0,0,0,0,48,1,1,1,2,1,2,2,0,0,2,0,0,1,0,1
3,1,1,1,1,1,1,1,2,0,0,0,2,44,1,1,1,2,5,3,1,4,1,2,2,0,2,0,2
6,1,1,1,1,1,1,1,1,1,1,1,1,29,1,1,0,1,4,1,3,3,2,3,3,0,2,0,2
6,0,1,1,1,1,1,1,0,0,0,0,0,52,1,1,2,8,3,3,0,0,2,2,0,1,1,1,0
4,1,1,2,2,0,1,0,0,0,0,1,1,34,2,1,1,6,5,4,1,2,3,2,3,1,2,1,0
4,1,1,1,1,1,1,2,0,0,0,0,0,34,1,1,0,5,3,3,0,0,2,2,1,1,1,2,0
6,1,1,1,2,1,0,1,0,0,0,0,0,27,1,1,1,5,4,2,1,0,2,2,0,1,1,2,0
6,1,1,1,1,1,0,1,1,0,0,0,1,30,1,1,1,0,2,0,1,2,0,3,2,0,2,0,1
2,1,1,2,0,0,0,1,1,0,0,1,1,40,1,1,1,8,7,4,0,4,1,0,3,1,2,1,0
3,1,1,1,1,1,1,2,2,0,0,0,1,26,1,1,2,2,2,3,1,4,2,2,1,0,0,0,2
3,1,1,1,1,1,0,1,0,0,1,1,1,36,1,1,0,2,1,3,1,2,1,2,2,0,2,0,1
3,0,1,1,1,2,0,1,2,0,0,0,2,35,1,1,2,2,1,3,0,4,0,3,3,0,2,0,2
6,0,1,1,1,1,1,0,0,0,0,0,0,43,2,1,0,4,2,1,1,0,1,2,0,1,1,2,1
3,0,1,1,1,1,0,1,2,1,1,0,2,36,2,1,1,0,1,2,1,3,0,2,3,0,2,0,2
4,0,1,2,1,1,1,0,0,0,0,0,0,32,2,1,1,6,5,3,2,0,0,2,0,1,1,1,0
3,1,1,1,1,1,0,1,0,0,0,0,0,36,2,1,2,2,2,3,1,0,1,2,0,0,1,0,1
6,1,1,1,1,2,0,0,2,1,1,1,2,38,1,1,0,1,2,0,3,4,1,2,3,0,2,0,2
6,0,1,1,1,0,0,1,1,0,1,0,1,35,1,1,2,6,4,3,1,2,3,2,2,1,2,1,0
4,1,1,1,1,1,0,2,2,1,1,1,1,35,2,1,1,0,2,2,1,4,2,2,1,0,0,0,2
6,1,1,1,1,2,0,1,2,1,1,2,2,45,1,1,2,4,4,2,2,2,0,2,3,1,2,2,0
3,1,1,1,1,1,1,1,0,0,0,0,0,47,1,1,2,2,2,3,1,1,2,2,0,0,1,0,1
4,1,1,1,1,1,1,1,0,0,0,0,0,27,1,1,1,3,2,2,1,2,2,2,0,0,0,2,1
3,1,1,1,1,1,0,2,0,1,1,1,2,26,1,1,1,2,2,0,1,4,1,2,0,0,0,0,2
3,1,1,1,2,1,1,1,0,1,1,1,1,51,1,1,2,2,2,3,1,2,2,2,2,0,2,0,1
3,1,1,0,1,1,0,1,2,1,1,2,1,25,1,1,1,0,2,0,2,4,2,2,2,0,2,0,2
4,1,1,0,0,2,0,1,1,0,0,0,0,41,1,1,1,0,1,0,2,1,0,3,3,0,2,0,1
6,0,1,1,1,1,1,0,0,0,0,0,0,34,1,1,1,6,2,4,2,0,2,2,0,1,1,1,0
4,1,1,1,1,1,0,1,0,0,0,0,0,43,1,1,0,0,2,2,1,2,2,2,1,0,0,0,1
3,1,1,1,1,1,0,1,2,1,0,1,2,33,1,1,0,2,2,3,2,4,2,2,0,0,0,0,2
3,1,1,1,1,2,0,1,0,0,0,0,0,37,1,1,1,2,1,3,1,0,2,2,1,0,1,0,1
3,1,1,1,1,1,0,1,2,1,1,1,2,27,2,1,0,0,2,0,2,4,2,2,1,0,0,0,2
3,1,1,1,1,2,0,1,2,1,1,1,1,54,2,1,1,2,1,3,1,4,1,2,1,0,0,0,2
6,0,1,1,1,1,1,1,0,0,0,1,2,38,1,1,0,2,2,0,0,2,0,2,3,0,2,0,1
6,1,1,1,1,1,0,2,0,1,1,1,2,42,1,1,1,0,2,3,1,3,0,2,0,0,0,0,1
3,1,1,1,1,1,1,1,0,0,0,0,0,30,1,1,1,3,1,2,1,1,1,2,0,0,1,2,1
5,1,1,2,1,1,0,1,0,1,1,0,1,43,1,1,1,7,2,3,1,4,1,2,3,1,2,1,0
3,1,1,1,1,1,0,1,2,1,1,1,2,33,1,1,0,2,2,3,1,3,2,2,0,0,0,0,2
1,1,1,0,1,1,0,0,0,0,0,0,0,37,2,1,2,1,4,4,0,2,0,2,3,0,2,0,2
4,1,1,1,1,2,0,1,2,1,1,1,2,25,1,1,1,5,1,1,1,2,2,2,3,1,2,2,0
6,1,1,1,1,2,0,1,2,1,1,0,2,27,1,1,1,4,1,0,2,4,1,2,0,1,0,2,0
3,1,1,1,1,1,0,1,2,1,1,1,2,27,1,1,1,2,2,3,1,4,2,2,0,0,0,0,2
6,0,1,2,1,1,0,0,2,1,1,1,2,27,1,1,0,4,2,0,2,2,2,2,0,1,0,2,0
3,1,1,1,1,1,1,0,1,0,0,0,1,35,1,1,1,2,2,3,1,0,2,2,3,0,1,0,1
2,1,1,1,1,1,0,1,1,0,0,1,2,24,1,1,0,0,1,2,1,2,0,2,0,0,0,0,1
4,1,1,1,2,2,0,1,2,1,1,1,2,31,3,1,0,2,4,0,1,4,1,3,2,0,2,0,2
3,1,1,2,2,1,0,1,1,0,0,1,1,31,1,1,1,2,2,2,0,1,2,2,0,0,1,0,1
6,1,1,2,1,1,0,1,0,0,1,1,1,32,1,1,1,4,2,4,1,0,2,2,0,1,1,2,1
6,1,1,1,1,1,0,1,2,1,1,1,2,33,1,1,1,2,1,1,1,2,2,3,0,0,0,0,1
3,1,1,1,1,1,0,2,2,1,1,2,2,56,1,1,1,2,3,3,1,4,1,2,2,0,2,0,2
6,1,1,0,1,2,0,1,1,0,1,1,2,43,1,1,1,4,4,1,2,4,1,4,3,1,2,2,0
6,1,1,2,1,1,1,1,2,1,1,1,1,49,1,1,1,7,2,3,0,3,2,2,2,1,2,1,0
3,1,1,1,1,0,2,1,0,0,1,1,1,35,1,1,1,0,1,3,1,1,3,2,2,0,1,0,1
6,1,1,2,1,1,0,2,0,1,1,1,2,53,1,1,1,6,3,2,2,2,2,2,0,1,0,1,0
4,1,1,0,0,1,0,1,2,1,1,1,1,45,1,1,0,4,4,1,0,4,2,2,1,1,0,2,2
4,1,1,1,1,2,0,1,1,0,1,0,1,40,1,1,1,4,5,0,2,1,0,2,0,1,1,2,1
6,0,1,2,2,1,0,1,0,0,1,1,2,52,1,1,1,5,6,1,2,4,2,2,4,1,2,2,0
3,1,1,1,1,0,1,1,1,1,1,1,2,30,1,1,2,2,3,3,1,3,2,2,0,0,0,0,2
6,1,1,2,0,1,0,1,0,1,0,0,1,41,1,1,2,4,1,2,1,2,2,2,1,1,0,2,0
3,1,1,1,2,1,1,1,1,1,1,1,0,31,1,1,2,2,1,3,1,3,2,2,1,0,0,0,2
4,1,1,1,1,1,1,1,1,0,1,0,0,31,1,1,1,3,1,2,0,1,2,2,1,0,1,2,1
3,1,1,1,1,1,0,1,1,0,1,1,2,24,3,1,1,2,2,3,1,3,2,2,2,0,2,0,2
4,1,1,1,1,1,0,1,1,1,1,1,1,44,1,1,1,0,1,1,2,4,1,2,2,0,2,0,2
6,1,1,1,1,1,0,1,2,1,1,1,1,37,1,1,1,3,5,2,1,4,0,3,1,1,0,2,2
2,0,1,1,0,0,1,1,2,1,0,1,2,22,1,1,2,0,2,0,1,2,1,2,0,0,0,0,1
3,1,1,1,1,2,0,1,2,1,1,1,2,31,2,1,1,7,3,1,1,4,0,2,3,1,2,1,0
3,1,1,1,1,1,0,0,1,0,0,0,0,36,2,1,1,0,1,0,2,1,2,2,2,0,1,0,1
3,1,1,1,2,1,0,1,2,1,1,2,2,28,1,1,2,2,2,3,1,4,0,2,3,0,2,0,2
5,0,1,1,2,1,1,2,0,0,0,0,0,25,2,1,1,2,6,1,1,2,4,2,0,0,0,0,1
3,1,1,1,1,1,0,1,1,0,1,1,2,49,1,1,2,2,2,3,1,2,2,2,1,0,0,0,1
1,1,1,1,1,1,0,2,2,1,1,1,2,22,2,1,2,2,3,4,0,4,1,1,0,0,0,0,2
3,1,1,1,2,0,1,1,2,1,1,1,2,43,1,1,1,2,3,3,1,2,3,2,1,0,0,0,2
3,1,1,1,1,2,0,1,1,1,1,1,1,33,1,1,0,2,1,3,1,3,0,3,1,0,0,0,2
5,1,1,1,1,1,0,1,1,1,1,1,1,36,3,1,1,6,4,0,2,3,0,2,0,1,0,1,0
3,1,1,1,1,1,0,1,2,1,1,1,1,26,2,1,1,3,2,0,3,4,2,2,2,0,2,2,2
6,0,1,1,2,1,1,1,2,1,1,1,2,43,1,1,1,6,4,3,0,4,2,2,3,1,2,1,0
3,1,1,1,1,2,1,1,1,0,0,1,1,21,1,1,1,2,1,3,1,4,1,2,3,0,2,0,2
6,1,1,1,1,1,0,1,0,1,0,0,0,39,1,1,1,0,3,2,1,4,1,2,3,0,2,0,2
6,0,1,1,1,1,0,1,2,1,1,1,2,46,1,1,1,6,2,3,1,3,0,2,2,1,2,1,0
1,1,1,0,1,1,0,1,0,0,0,1,2,32,1,1,1,0,1,2,2,4,4,2,1,0,0,0,2
3,1,1,1,1,2,0,0,0,0,0,0,0,31,1,1,1,2,1,3,1,0,0,2,0,0,1,0,1
3,1,1,1,1,1,1,2,0,1,1,1,2,39,2,1,1,2,4,3,1,4,2,2,0,0,0,0,2
4,1,1,1,1,1,0,1,1,1,1,1,1,44,1,1,1,2,1,1,1,2,1,2,1,0,0,0,1
6,0,1,2,2,1,0,1,2,1,1,1,2,36,1,1,0,6,7,0,2,4,1,2,0,1,0,1,0
6,0,1,1,1,1,0,0,0,0,0,0,0,31,2,1,0,6,4,3,0,0,1,2,0,1,1,1,0
3,1,1,1,1,1,1,1,2,1,1,1,2,30,3,1,1,2,3,3,1,4,2,2,1,0,0,0,2
4,1,1,2,1,2,0,1,2,1,1,1,2,36,1,1,1,5,2,1,2,4,1,4,1,1,0,2,0
3,1,1,1,1,1,1,1,0,0,0,0,0,31,1,1,1,2,3,3,1,0,2,2,1,0,1,0,1
1,1,1,2,1,0,0,0,0,0,0,0,0,23,1,1,0,0,2,0,0,0,1,2,2,0,1,0,1
3,1,1,2,1,1,0,1,2,1,0,1,1,23,1,1,2,3,2,0,1,1,1,2,1,0,1,2,1
3,1,1,1,0,2,0,1,2,1,1,1,2,30,2,1,2,2,1,3,1,4,0,2,0,0,0,0,2
3,1,1,1,1,1,1,1,0,0,1,0,0,34,1,1,2,2,4,3,1,1,2,2,0,0,1,0,1
2,1,1,1,1,0,1,1,0,0,0,0,0,49,2,1,1,0,1,4,0,0,4,2,0,0,1,0,1
2,1,1,1,1,1,0,0,1,0,0,0,0,25,1,1,0,1,1,1,1,1,0,2,0,0,1,0,1
2,0,1,1,1,1,1,2,1,0,0,1,1,39,1,1,1,0,2,2,1,1,1,2,2,0,1,0,1
6,1,1,2,1,1,0,1,0,0,0,0,2,37,1,1,0,4,2,0,2,0,3,2,1,1,1,2,1
3,1,1,1,1,1,2,0,0,0,0,0,0,26,1,1,1,2,2,4,0,0,2,2,0,0,1,0,1
4,1,1,1,1,1,1,1,2,1,1,1,2,41,1,1,1,3,2,1,1,4,1,2,1,0,0,2,2
2,1,1,1,1,1,1,1,0,0,0,0,0,28,1,1,0,0,2,3,0,0,2,2,0,0,1,0,1
4,1,1,2,1,0,0,1,1,1,1,0,2,33,1,1,1,0,1,2,1,3,2,2,0,0,0,0,2
4,0,1,1,1,1,1,2,2,1,1,2,2,28,1,1,1,6,1,2,1,4,0,2,0,1,0,1,0
2,1,1,0,1,1,0,1,2,1,1,2,2,47,1,1,1,2,2,0,3,4,0,2,2,0,2,0,2
4,0,1,1,1,1,1,1,1,0,0,0,0,25,1,1,0,2,2,1,2,1,2,2,0,0,1,0,1
4,0,1,2,2,1,0,1,0,1,1,1,1,51,1,1,0,8,6,3,1,4,3,2,1,1,0,1,0
6,1,1,1,1,1,0,1,2,1,1,1,2,26,1,1,0,5,3,0,2,2,0,4,2,1,2,2,0
3,1,1,1,1,1,1,1,1,0,0,0,2,24,1,1,0,4,2,1,2,3,2,2,1,0,0,2,2
3,1,1,1,1,1,0,1,1,1,1,1,1,33,2,1,2,2,3,3,1,3,1,2,1,0,0,0,2
3,1,1,1,1,1,0,1,2,1,1,1,2,32,2,1,1,4,5,0,2,4,0,2,0,0,0,2,2
2,1,1,2,2,1,0,1,0,0,0,0,0,57,1,1,2,2,4,0,2,0,1,2,0,0,1,0,1
6,0,1,1,2,1,0,2,2,1,1,1,1,39,1,1,0,5,3,3,0,4,2,3,1,1,0,2,0
2,1,1,1,1,0,0,1,2,1,1,1,2,26,2,1,1,1,4,1,1,4,4,2,3,0,2,0,2
4,0,1,2,2,1,0,0,1,0,0,0,1,38,1,1,1,4,8,0,2,3,2,2,2,1,2,2,0
1,1,1,1,1,2,0,1,0,1,0,1,1,33,1,1,1,2,5,3,1,4,0,2,1,0,0,0,2
2,1,1,2,1,1,0,1,1,0,0,0,1,30,1,1,1,4,2,1,1,3,2,2,0,0,0,2,2
4,1,1,1,1,1,0,1,2,1,1,2,2,25,2,1,1,3,2,2,1,4,0,2,3,0,2,2,2
3,1,1,2,2,2,0,1,2,1,1,1,1,40,1,1,1,4,5,4,1,4,2,2,2,0,2,2,2
6,0,1,2,2,1,0,1,2,1,1,1,2,26,2,1,1,6,5,4,1,4,2,2,1,1,0,1,0
6,0,1,1,1,0,0,2,2,1,1,1,2,34,1,1,0,8,8,3,1,4,4,2,2,1,2,1,0
6,0,1,1,1,1,0,1,1,1,1,1,1,46,2,1,1,8,2,0,2,4,1,2,2,1,2,1,0
6,0,1,1,0,2,0,1,2,1,1,0,2,31,2,1,1,1,5,0,2,4,4,3,4,0,2,0,2
3,1,1,1,0,2,0,1,2,1,1,1,1,42,1,1,0,2,1,3,1,3,0,2,1,0,0,0,2
6,1,1,1,1,1,2,2,0,0,0,0,0,30,1,1,1,1,2,4,1,0,3,2,1,0,1,0,1
3,1,1,1,2,2,0,2,2,1,1,1,2,26,3,1,2,2,3,3,1,4,3,4,4,0,2,0,2
1,1,1,1,1,1,0,1,1,1,1,1,1,29,1,1,0,1,2,2,1,2,1,2,1,0,0,0,1
4,1,1,1,1,1,1,2,2,1,1,1,2,31,1,1,0,4,3,4,0,4,3,0,0,1,0,2,0
3,1,1,1,2,1,0,1,0,1,1,1,1,40,1,1,2,3,2,4,0,3,1,2,0,0,0,2,1
3,1,1,1,1,1,1,2,2,1,1,1,2,39,3,1,2,4,2,4,1,2,2,2,1,0,0,2,2
3,1,1,1,1,1,0,0,1,0,0,0,0,37,1,1,1,2,3,2,1,0,2,2,3,0,1,0,1
3,1,1,1,1,1,1,1,0,0,0,0,0,27,1,1,2,4,4,4,1,0,4,2,0,0,1,2,1
3,1,1,1,2,2,0,0,0,0,0,0,0,45,1,1,2,2,5,0,1,0,0,2,3,0,1,0,1
3,1,1,2,1,1,0,2,0,0,0,0,0,29,1,1,1,1,2,2,1,2,2,2,0,0,0,0,1
3,1,1,2,2,0,0,1,0,0,0,0,0,47,2,1,1,4,6,4,0,0,2,2,1,0,1,2,1
4,1,1,2,2,1,1,1,0,0,0,0,0,33,1,1,2,1,3,4,0,0,2,2,1,0,1,0,1
3,1,1,2,1,2,0,0,0,0,0,0,0,32,1,1,2,2,2,0,1,0,0,2,0,0,1,0,1
3,1,1,1,1,1,1,2,0,0,0,0,0,29,1,1,1,1,4,4,0,0,2,2,1,0,1,0,1
3,1,1,2,1,1,1,1,2,1,1,1,2,36,1,1,1,3,3,2,0,4,2,2,1,0,0,2,2
2,1,1,1,1,1,0,0,0,0,0,0,0,35,2,1,0,2,4,0,2,1,0,2,0,0,1,0,1
3,1,1,1,1,1,0,1,0,0,0,1,1,40,1,1,2,3,3,3,1,3,2,2,1,0,0,2,2
3,1,1,1,1,2,0,1,2,1,1,2,2,36,1,1,2,3,2,0,1,4,1,2,1,0,0,2,2
6,0,1,1,1,2,0,1,0,0,1,0,0,39,2,1,1,4,4,0,2,2,0,2,0,1,0,2,0
3,1,1,2,1,2,0,0,1,0,0,0,1,38,1,1,2,5,2,3,0,0,1,2,4,1,1,2,0
1,1,1,2,2,0,1,2,1,1,1,1,1,23,1,1,1,5,4,4,0,2,4,2,0,0,0,2,0
5,0,1,0,1,1,0,1,0,0,0,0,0,29,1,1,1,0,1,0,2,2,1,2,4,0,2,0,2
4,1,1,1,1,0,2,0,0,0,0,0,0,38,1,1,2,2,2,2,0,0,0,2,0,0,1,0,1
6,0,1,1,1,1,0,1,2,1,1,1,2,34,2,1,1,5,2,2,1,4,1,2,3,1,2,2,0
6,1,1,1,0,2,0,1,2,1,1,1,1,28,1,1,0,1,1,0,1,4,1,2,0,0,0,0,2
2,1,1,2,2,1,2,2,2,1,1,2,2,38,1,1,1,0,4,4,0,4,2,3,3,0,2,0,2
3,1,1,2,2,1,0,1,1,0,1,0,1,25,2,1,0,8,2,0,2,2,0,2,1,1,0,1,0
6,0,1,2,1,1,1,2,2,1,1,1,1,36,2,1,1,8,5,4,0,4,1,2,1,1,0,1,0
6,1,1,1,1,2,0,1,2,1,1,1,1,57,2,1,1,2,2,0,3,4,0,2,3,0,2,0,2
6,0,1,1,1,2,0,2,0,1,1,0,1,46,1,1,1,1,2,0,1,4,0,2,1,0,0,0,2
6,1,1,1,1,2,0,1,2,1,1,1,2,49,1,1,0,6,5,0,2,4,0,2,3,1,2,1,0
6,1,1,2,2,1,0,1,0,1,1,1,1,34,1,1,0,2,3,1,1,2,1,2,1,0,0,0,1
3,1,1,2,1,1,1,1,0,0,0,0,0,43,1,1,1,1,1,3,0,0,2,2,2,0,1,0,1
3,1,1,1,1,1,1,1,2,1,0,2,2,35,1,1,1,2,2,3,1,2,2,2,0,0,0,0,2
3,1,1,1,0,1,0,0,0,1,1,0,0,32,1,1,2,2,3,3,1,2,0,2,4,0,2,0,2
6,0,1,1,1,1,0,0,2,0,1,1,2,24,3,1,1,2,2,0,0,1,2,2,0,0,1,0,1
6,0,1,1,1,1,0,1,2,1,1,0,1,33,1,1,1,4,3,2,1,4,1,2,1,1,0,2,0
1,1,1,2,1,0,1,1,1,0,0,0,1,28,1,1,0,1,1,4,0,2,2,1,1,0,0,0,1
6,1,1,2,1,1,0,1,1,1,0,1,2,48,1,1,1,5,2,3,1,2,2,2,0,1,0,2,0
3,1,1,1,1,2,1,1,2,1,1,1,2,33,2,1,2,4,2,2,2,3,0,3,2,0,2,2,2
4,1,1,1,1,1,0,0,0,0,0,0,0,40,1,1,0,2,2,1,0,0,2,2,0,0,1,0,1
3,1,1,1,1,1,2,1,2,1,1,1,2,22,1,1,1,2,1,3,1,4,2,2,3,0,2,0,2
4,1,1,1,1,2,0,1,2,1,1,1,2,22,2,1,0,0,4,0,2,4,0,2,3,0,2,0,2
4,1,1,2,1,1,0,1,2,1,1,1,2,23,2,1,1,8,2,1,1,3,2,2,2,1,2,1,0
6,0,1,1,1,1,0,2,0,1,1,1,2,33,1,1,0,0,2,3,0,4,2,2,1,0,0,0,2
2,1,1,0,1,1,1,1,1,1,1,1,1,29,1,1,0,2,2,1,2,3,2,2,0,0,0,0,2
6,1,1,1,1,1,1,1,2,1,1,1,2,32,1,1,2,3,3,3,0,0,2,0,0,1,1,2,1
3,1,1,1,1,1,0,2,2,1,1,1,2,43,1,1,1,4,6,0,2,4,1,2,2,0,2,2,2
6,0,1,1,1,1,1,1,2,0,1,1,2,49,1,1,1,6,2,4,0,4,2,1,0,1,0,1,0
6,0,1,1,1,1,1,1,0,0,0,0,0,44,1,1,2,0,0,3,0,0,4,2,0,0,1,0,1
3,1,1,1,1,1,0,2,2,0,1,1,2,29,1,1,2,2,2,3,1,4,2,2,2,0,2,0,2
3,1,1,1,1,1,0,1,0,0,0,0,0,27,1,1,0,0,2,1,2,2,4,2,0,0,0,0,1
2,0,1,1,2,1,1,1,1,0,0,0,1,30,1,1,0,2,4,2,2,0,1,2,1,0,1,0,1
1,1,1,1,0,2,0,1,0,0,0,0,0,43,2,1,1,0,4,3,0,2,1,2,2,0,2,0,1
3,1,1,1,1,1,0,1,2,1,1,0,2,30,2,1,1,4,1,1,1,2,1,2,3,0,2,2,2
3,0,1,1,1,1,0,1,2,1,1,1,1,33,2,1,1,4,3,3,1,4,2,2,2,0,2,2,2
3,1,1,1,1,1,0,1,2,1,1,1,2,27,2,1,1,2,2,3,1,4,2,2,1,0,0,0,2
2,1,1,2,1,1,0,1,2,0,1,1,2,26,2,1,0,3,1,0,3,4,0,2,3,0,2,2,2
4,0,1,1,1,2,0,1,0,1,1,1,2,47,1,1,1,7,2,2,2,4,1,2,0,1,0,1,0
2,1,1,1,1,1,0,1,2,0,0,0,1,30,1,1,0,3,2,0,1,3,0,2,0,0,0,2,2
2,1,1,1,1,1,1,1,0,0,0,0,0,39,1,1,0,2,2,1,1,2,0,2,0,0,0,0,1
4,1,1,1,1,1,0,1,1,0,0,0,1,36,1,1,0,2,2,1,1,1,2,2,2,0,1,0,1
2,1,1,1,1,1,1,2,0,0,1,0,0,34,1,1,2,0,3,2,0,4,2,2,0,0,0,0,2
3,1,1,1,1,1,1,1,2,1,1,1,2,25,2,1,0,3,2,0,1,4,2,2,0,0,0,2,2
3,0,1,1,1,0,1,1,0,0,0,0,0,28,1,1,1,5,1,1,1,2,2,2,0,1,0,2,0
6,1,1,0,1,1,0,2,2,1,1,1,2,38,1,1,1,6,4,4,0,4,2,2,0,1,0,1,0
4,1,1,2,2,1,1,1,0,0,0,0,0,39,1,1,2,3,2,3,0,0,2,2,0,0,1,2,1
3,0,1,1,1,1,0,2,2,0,1,0,2,27,2,1,0,3,3,1,1,4,2,2,0,0,0,2,2
5,1,1,1,1,1,0,2,2,1,1,1,1,31,2,1,1,6,4,2,1,4,2,3,3,1,2,1,0
3,1,1,1,1,1,0,1,1,0,0,0,1,30,2,1,0,1,1,0,0,2,2,2,3,0,2,0,2
3,1,1,1,1,1,0,0,0,0,0,0,0,34,1,1,1,2,4,3,1,1,1,2,2,0,1,0,1
3,1,1,1,0,2,0,2,1,0,0,0,2,26,1,1,2,2,1,1,1,3,0,2,1,0,0,0,2
4,1,1,0,0,1,0,2,0,1,1,1,1,27,2,1,2,6,2,1,2,2,2,3,3,1,2,1,0
3,1,1,1,1,0,0,1,2,0,1,1,2,29,1,1,0,2,2,2,0,2,1,2,1,0,0,0,2
3,1,1,1,1,2,0,0,1,0,0,0,1,37,2,1,2,2,2,3,1,3,0,2,3,0,2,0,2
3,1,1,1,1,1,1,1,2,1,1,1,2,49,2,1,2,2,1,3,1,4,1,2,2,0,2,0,2
6,0,1,1,1,1,0,1,0,0,0,0,0,39,1,1,1,5,1,0,1,0,0,2,0,1,1,2,0
3,1,1,1,1,1,1,0,0,0,0,0,0,42,1,1,1,2,2,3,1,0,2,2,0,0,1,0,1
5,1,1,2,1,2,0,1,2,1,1,1,2,28,1,1,1,5,3,1,1,3,1,2,2,1,2,2,0
3,1,1,1,1,1,0,1,2,0,1,1,2,33,1,1,2,2,1,3,1,1,1,3,0,0,1,0,1
3,1,1,1,0,2,0,1,0,0,1,1,1,30,2,1,1,2,1,3,1,3,0,2,4,0,2,0,2
3,1,1,2,1,1,0,2,2,1,1,0,0,70,1,1,2,4,3,4,0,3,1,2,0,0,0,2,0
2,1,1,1,1,1,0,1,1,1,1,1,1,25,1,1,1,0,1,1,1,3,2,2,0,0,0,0,2
3,1,1,1,1,1,2,2,2,1,1,1,2,45,1,1,1,4,2,4,0,2,4,2,0,0,0,2,0
6,0,1,2,1,1,0,2,2,1,1,0,1,63,2,1,0,7,3,4,0,3,1,2,1,1,0,1,0
3,1,1,2,1,1,0,1,2,0,1,1,1,40,1,1,2,8,4,2,0,3,2,1,0,1,0,1,0
3,1,1,1,1,1,0,2,2,1,1,1,2,39,1,1,1,5,3,2,1,4,1,3,2,1,2,2,0
2,1,1,1,1,2,1,1,2,1,1,1,2,31,3,1,2,2,2,2,0,4,2,2,3,0,2,0,2
3,1,1,1,1,2,0,0,2,0,0,0,1,34,1,1,0,0,2,0,2,3,0,3,3,0,2,0,2
3,1,1,1,1,2,1,2,2,1,1,1,2,44,1,1,1,2,1,3,1,4,1,2,1,0,0,0,2
5,1,1,1,1,1,0,1,1,0,0,1,1,45,1,1,2,2,1,3,1,0,0,2,0,0,1,0,1
4,0,1,2,1,1,2,2,2,1,1,1,2,43,1,1,1,4,1,4,0,4,2,1,0,1,0,2,0
3,1,1,2,1,2,1,1,0,0,0,0,0,29,1,1,2,4,1,3,1,2,0,2,1,0,0,2,1
4,1,1,2,1,1,0,2,2,1,1,0,2,27,3,1,2,4,1,3,1,4,2,4,3,1,2,2,2
4,1,1,2,1,1,1,1,2,1,1,1,2,37,1,1,2,7,4,3,1,4,2,2,2,1,2,1,0
4,1,1,1,1,2,0,1,2,1,1,1,2,41,3,1,2,4,5,2,2,4,1,3,3,1,2,2,2
3,1,1,1,1,1,0,1,2,1,1,1,2,30,2,1,1,4,4,0,0,4,0,2,0,0,0,2,2
3,1,1,1,1,1,1,1,2,1,1,1,1,28,1,1,1,3,2,1,1,4,2,2,1,0,0,2,2
6,1,1,1,1,1,0,0,0,0,0,0,0,28,1,1,1,3,2,1,1,0,2,2,1,1,1,2,1
3,1,1,1,1,1,1,1,2,1,1,1,2,39,1,1,1,2,2,3,1,4,2,2,0,0,0,0,2
2,1,1,1,1,1,0,0,2,0,1,0,1,22,1,1,1,0,1,0,1,4,1,2,4,0,2,0,2
3,1,1,1,1,1,1,1,0,0,0,0,0,31,1,1,1,3,2,3,0,1,4,2,1,0,1,2,1
3,1,1,0,1,1,0,0,0,0,0,0,0,29,1,1,0,0,1,0,1,1,2,2,0,0,1,0,1
4,1,1,1,1,1,0,0,1,0,0,0,1,33,1,1,0,0,6,0,1,1,0,2,1,0,1,0,1
4,1,1,1,1,1,0,2,0,0,1,1,1,37,1,1,1,1,2,2,1,0,2,2,3,0,1,0,1
4,1,1,1,1,1,1,1,1,0,0,0,0,42,1,1,2,3,2,2,0,0,1,2,0,0,1,2,1
2,1,1,2,1,1,0,1,2,1,1,2,2,31,1,1,0,1,0,4,2,4,2,2,2,0,2,0,2
3,1,1,1,1,1,1,2,2,1,1,1,1,34,1,1,2,2,2,3,1,3,2,3,0,0,0,0,2
3,1,1,1,1,1,1,1,2,1,1,1,2,49,2,1,2,2,1,3,1,3,1,3,3,0,2,0,2
3,1,1,1,1,1,1,1,1,0,0,0,1,29,1,1,0,8,1,2,1,3,0,2,2,1,2,1,0
6,1,1,1,1,1,1,1,2,1,1,1,2,40,3,1,1,4,2,2,0,2,0,2,0,1,0,2,0
3,1,1,2,1,1,1,2,2,1,1,1,1,46,2,1,1,2,2,3,1,4,2,1,1,0,0,0,2
3,1,1,1,2,1,1,1,0,1,1,1,2,31,2,1,2,2,4,3,1,3,2,2,3,0,2,0,2
4,0,1,2,2,1,1,1,1,0,0,1,1,43,1,1,1,5,1,3,0,1,0,2,0,1,1,2,0
3,1,1,1,1,1,0,1,0,0,0,0,0,45,1,1,1,2,2,3,1,2,2,2,0,0,0,0,1
2,1,1,1,0,2,0,0,1,0,0,1,1,32,1,1,1,0,1,0,3,1,0,4,3,0,2,0,2
3,1,1,1,1,1,0,1,2,1,1,0,1,38,1,1,1,2,2,3,1,4,2,2,2,0,2,0,2
6,1,1,1,1,1,0,1,2,1,1,1,2,40,1,1,1,6,2,1,1,4,2,2,1,1,0,1,0
3,0,1,1,0,0,1,1,2,1,1,1,2,38,1,1,0,1,2,2,0,3,2,2,0,0,0,0,2
4,1,1,1,1,1,0,1,2,1,1,1,2,32,1,1,0,0,1,2,1,3,1,3,3,0,2,0,2
6,0,1,0,1,1,1,1,1,0,0,1,1,37,1,1,1,2,2,0,2,2,2,2,1,0,0,0,1
3,1,1,1,1,1,1,2,2,1,1,2,2,24,1,1,1,2,2,3,1,4,2,2,0,0,0,0,2
3,1,1,1,0,1,0,1,1,0,1,1,2,25,2,1,2,2,3,3,1,3,3,2,1,0,0,0,2
2,1,1,1,1,1,2,0,0,0,0,0,0,24,1,1,1,0,2,3,0,2,2,2,1,0,0,0,1
3,1,1,1,1,1,0,1,2,1,1,1,2,55,1,1,2,2,1,3,1,4,0,2,3,0,2,0,2
4,0,1,1,2,1,0,1,2,1,1,0,2,32,1,1,1,6,2,2,0,4,2,2,0,1,0,1,0
1,1,1,1,1,1,0,1,0,0,0,0,0,29,1,1,0,0,1,0,2,0,0,2,1,0,1,0,1
6,1,1,1,1,1,0,1,0,0,0,0,0,20,1,1,1,2,2,2,0,0,2,2,0,0,1,0,1
6,0,1,2,1,1,1,1,1,0,0,0,0,41,1,1,1,6,4,3,1,3,2,2,0,1,0,1,0
2,1,1,2,2,1,0,1,2,1,1,0,1,33,2,1,1,8,7,4,0,4,1,2,1,1,0,1,0
3,1,1,1,1,1,0,2,1,1,1,2,2,25,1,1,1,2,3,3,0,4,2,2,0,0,0,0,2
3,1,1,1,1,1,0,0,0,0,0,0,0,29,1,1,1,2,3,3,1,2,1,2,0,0,0,0,1
6,1,1,2,0,2,0,2,2,1,1,1,2,24,3,1,1,5,1,4,3,4,2,1,4,1,2,2,0
4,1,1,1,1,0,0,1,2,1,0,0,1,39,1,1,1,3,4,4,0,2,3,2,0,0,0,2,1
5,0,1,2,1,2,0,1,0,0,0,0,0,39,1,1,1,8,1,0,1,2,0,2,0,1,0,1,0
3,1,1,1,1,1,1,2,0,0,1,0,0,44,1,1,1,2,1,3,1,2,4,2,0,0,0,0,1
3,1,1,1,0,1,0,1,2,1,1,1,2,30,2,1,1,2,1,3,1,4,1,2,3,0,2,0,2
2,1,1,1,1,1,1,1,0,0,0,0,0,31,1,1,1,1,1,4,1,2,2,2,0,0,0,0,1
1,1,1,2,1,1,1,1,2,1,1,1,2,37,1,1,2,4,1,4,0,4,2,2,3,0,2,2,2
2,1,1,1,1,1,0,2,2,1,1,1,0,42,1,1,1,0,1,2,1,4,1,2,2,0,2,0,2
3,1,1,1,1,1,1,1,1,0,0,1,2,35,1,1,2,2,2,3,1,2,2,2,3,0,2,0,2
3,0,1,1,1,2,0,1,0,1,1,1,1,30,1,1,0,2,2,1,1,4,2,2,1,0,0,0,2
6,1,1,1,1,1,0,1,0,0,0,0,0,30,1,1,2,3,4,0,0,0,1,2,1,1,1,2,1
3,1,1,1,1,1,0,1,2,0,1,0,0,33,1,1,1,2,4,1,2,4,0,2,2,0,2,0,2
6,0,1,1,1,1,2,2,1,0,1,0,0,31,1,1,0,3,3,1,1,1,4,2,2,1,1,2,1
6,0,1,2,2,2,0,1,2,1,1,1,2,39,2,1,1,4,5,0,2,4,0,2,3,1,2,2,0
3,0,1,2,1,1,1,1,0,0,0,1,2,27,1,1,0,0,0,4,0,0,2,3,0,0,1,0,1
3,1,1,1,1,2,0,1,2,1,1,1,1,34,1,1,1,2,1,3,1,2,2,2,2,0,2,0,2
2,1,1,1,1,0,2,1,0,0,0,0,0,31,1,1,1,0,4,0,1,0,2,2,0,0,1,0,1
6,1,1,1,1,1,0,2,2,1,1,1,2,30,2,1,2,5,6,1,1,4,2,2,0,1,0,2,0
3,1,1,2,2,1,0,1,2,1,1,1,1,34,1,1,1,4,3,3,0,4,2,2,2,0,2,2,2
2,1,1,1,1,1,0,1,1,0,0,0,1,20,3,1,0,0,2,1,1,2,2,2,0,0,0,0,1
3,1,1,1,0,2,2,2,2,1,1,2,2,39,1,1,0,2,1,3,1,4,0,3,3,0,2,0,2
6,1,1,1,1,1,0,0,1,1,1,1,2,50,2,1,1,1,3,0,1,4,1,2,2,0,2,0,2
4,1,1,1,1,1,0,1,1,0,1,1,0,41,1,1,1,4,4,1,1,2,2,2,1,1,0,2,0
3,1,1,1,1,1,0,1,1,0,0,1,1,37,1,1,1,0,3,1,0,0,1,2,0,0,1,0,1
4,1,1,2,2,1,0,1,2,1,1,1,2,32,1,1,1,8,4,1,0,4,2,2,2,1,2,1,0
3,1,1,1,1,2,2,2,1,1,1,1,0,26,1,1,2,2,2,3,1,4,4,2,3,0,2,0,2
2,1,1,2,1,1,1,2,2,0,0,1,1,38,1,1,0,5,2,4,0,3,3,1,0,1,0,2,0
3,1,1,1,1,1,1,0,1,0,0,0,1,21,1,1,2,2,2,3,1,2,2,2,2,0,2,0,2
2,1,1,1,1,2,0,1,2,1,1,1,2,27,1,1,1,3,2,0,1,4,1,3,1,0,0,2,2
1,0,1,0,0,2,0,1,2,1,1,1,2,37,2,1,1,2,0,0,2,4,0,2,4,0,2,0,2
3,1,1,1,0,1,0,1,1,0,1,1,2,45,1,1,2,2,2,3,1,3,0,4,4,0,2,0,2
3,1,1,1,1,1,2,0,0,0,0,0,0,26,1,1,1,2,3,3,1,0,4,2,3,0,1,0,1
2,0,1,1,1,2,0,1,1,0,0,0,1,30,2,1,1,1,4,3,2,3,2,2,3,0,2,0,2
6,1,1,1,1,2,0,2,2,1,1,1,2,21,1,1,1,1,1,0,2,4,0,2,0,0,0,0,2
6,0,1,1,1,1,1,1,1,1,1,1,2,21,1,1,1,4,4,0,1,3,2,2,2,1,2,2,0
3,1,1,1,1,1,1,1,0,0,0,0,0,29,1,1,1,2,4,3,1,0,2,2,0,0,1,0,1
6,0,1,2,1,1,1,1,0,0,0,0,0,46,1,1,1,7,2,0,1,0,2,2,1,1,1,1,0
5,1,1,1,1,1,1,2,2,1,1,1,2,28,3,1,1,8,2,4,0,4,2,2,1,1,0,1,0
4,0,1,2,0,2,0,1,2,1,1,2,2,26,1,1,0,2,1,0,3,4,1,2,3,0,2,0,2
3,1,1,1,1,1,0,1,2,1,1,1,1,37,2,1,2,2,3,3,1,4,2,2,4,0,2,0,2
6,1,1,2,1,1,0,0,0,0,0,0,0,44,1,1,1,6,4,0,2,0,0,2,1,1,1,1,0
3,1,1,1,1,2,0,1,2,1,1,1,2,45,2,1,2,2,4,3,1,4,2,2,4,0,2,0,2
1,1,1,1,1,1,1,1,0,0,1,0,0,35,2,1,2,3,4,4,1,1,0,2,1,0,1,2,1
3,1,1,2,2,1,0,1,2,1,1,1,1,39,1,1,0,8,4,3,0,4,0,2,0,1,0,1,0
6,0,1,1,1,1,1,0,0,1,1,0,0,37,2,1,1,4,3,1,1,2,2,2,0,1,0,2,0
4,0,1,1,1,0,1,1,0,0,0,0,0,35,1,1,1,0,2,0,1,0,2,2,2,0,1,0,1
6,1,1,2,1,1,0,0,2,1,1,1,0,29,2,1,0,5,2,0,2,4,2,2,1,1,0,2,0
3,1,1,1,1,2,0,1,0,1,1,1,2,49,2,1,0,2,2,3,1,3,0,2,2,0,2,0,2
3,1,1,1,1,1,0,2,2,1,1,1,2,21,3,1,1,3,3,2,1,3,2,2,0,0,0,2,2
3,1,1,2,1,1,0,1,1,1,1,1,2,26,2,1,1,6,4,2,2,4,2,2,2,1,2,1,0
4,1,1,2,1,0,0,1,1,1,1,1,2,35,1,1,0,5,1,4,0,3,2,2,0,1,0,2,0
4,0,1,1,1,1,0,1,2,1,1,0,2,56,1,1,1,8,0,4,1,2,0,1,3,1,2,1,0
3,1,1,1,1,1,0,1,2,1,1,1,2,53,2,1,2,2,1,3,1,4,1,3,4,0,2,0,2
3,1,1,1,1,2,0,1,2,1,1,1,2,48,2,1,1,2,3,3,1,4,0,3,2,0,2,0,2
3,1,1,1,1,1,1,0,0,0,0,0,0,24,1,1,0,1,2,4,1,0,2,2,0,0,1,0,1
6,1,1,1,1,1,0,0,2,0,0,1,2,37,1,1,0,1,1,0,2,2,0,3,1,0,0,0,2
3,0,1,1,1,1,0,1,2,1,1,1,2,27,2,1,0,2,2,3,3,4,2,2,2,0,2,0,2
1,1,1,1,1,1,0,2,2,1,1,1,1,39,2,1,1,2,2,3,0,4,0,2,0,0,0,0,2
3,1,1,1,1,1,0,0,0,0,0,0,0,31,1,1,1,2,1,3,1,0,0,2,0,0,1,0,1
4,1,1,1,1,2,0,1,2,0,1,0,2,34,1,1,2,5,3,0,2,4,1,2,3,1,2,2,0
6,0,1,2,1,1,1,1,2,1,1,1,1,33,1,1,1,2,1,4,0,4,2,2,2,0,2,0,2
1,1,1,0,1,1,0,0,2,0,0,1,1,22,1,1,0,0,2,0,1,3,2,2,0,0,0,0,2
2,1,1,1,1,1,1,0,0,0,0,0,0,25,2,1,1,0,2,2,0,1,2,2,0,0,1,0,1
6,0,1,1,0,1,1,1,0,0,0,0,0,34,1,1,0,1,5,2,0,0,2,2,1,0,1,0,1
2,1,1,1,1,1,0,1,1,0,0,0,0,30,1,1,1,0,2,1,3,3,2,2,2,0,2,0,2
3,1,1,1,1,1,1,1,1,1,1,1,1,37,1,1,0,0,2,2,1,3,2,2,2,0,2,0,2
2,1,1,0,0,2,0,0,2,0,0,0,1,26,1,1,0,0,1,0,2,2,1,2,1,0,0,0,2
6,0,1,1,2,1,0,1,1,1,1,1,1,29,2,1,0,8,5,3,1,2,2,2,3,1,2,1,0
2,1,1,0,1,1,1,2,0,0,1,1,2,29,1,1,1,2,4,1,2,1,2,3,2,0,1,0,1
3,0,1,1,2,1,0,1,2,1,1,1,2,27,1,1,0,0,4,1,1,4,1,2,3,0,2,0,2
2,0,1,1,1,1,0,1,0,1,1,1,1,27,2,1,1,0,1,2,2,4,1,3,0,0,0,0,2
6,0,1,2,1,1,2,1,0,0,0,0,0,23,1,1,1,5,2,3,1,0,2,2,0,1,1,2,0
6,1,1,2,2,0,1,1,0,0,0,0,0,24,2,1,1,5,3,2,0,0,4,2,0,1,1,2,0
3,1,1,1,1,1,2,2,2,1,0,1,1,22,1,1,1,2,1,3,1,3,1,3,0,0,0,0,2
1,0,1,0,0,1,1,1,0,0,0,0,0,28,1,1,0,0,1,4,0,1,4,1,0,0,1,0,1
2,0,1,1,1,1,0,1,2,1,1,1,2,22,1,1,0,2,2,1,1,4,0,2,0,0,0,0,2
3,1,1,0,1,1,1,1,1,0,0,0,1,32,1,1,1,2,3,0,1,3,2,2,1,0,0,0,2
2,1,1,1,1,1,1,1,2,1,1,1,1,35,2,1,2,2,4,3,1,2,3,2,2,0,2,0,2
3,1,1,1,1,1,2,1,2,1,1,1,1,26,1,1,1,5,2,2,1,2,1,2,0,1,0,2,0
6,1,1,1,0,2,0,1,2,1,1,1,2,31,2,1,1,6,1,1,2,1,1,2,3,1,2,1,0
3,1,1,1,1,1,0,2,2,1,1,1,2,32,1,1,1,2,2,3,1,4,2,1,2,0,2,0,2
4,1,1,0,0,1,0,1,1,1,1,0,2,37,1,1,1,0,1,2,1,3,3,3,1,0,0,0,2
2,0,1,2,1,1,0,1,2,1,1,0,1,24,1,1,0,0,1,2,0,2,2,2,0,0,0,0,1
3,1,1,1,1,1,2,2,0,0,0,0,0,33,1,1,2,8,2,4,0,0,4,2,0,1,1,1,0
4,1,1,2,1,1,1,1,2,1,1,1,2,28,1,1,1,6,4,4,0,1,0,2,2,1,1,1,0
6,1,1,1,1,1,1,1,1,0,1,0,1,22,2,1,1,2,2,2,1,2,2,2,0,0,0,0,1
4,1,1,1,1,1,0,1,1,1,1,1,2,46,1,1,1,0,1,1,1,4,0,2,2,0,2,0,2
3,1,1,1,0,1,1,1,1,0,0,0,0,30,1,1,2,5,2,2,1,2,2,2,0,1,0,2,0
3,1,1,2,1,1,0,1,2,1,1,2,2,29,1,1,0,4,1,2,1,0,2,2,2,0,1,2,1
4,1,1,1,1,1,0,1,2,0,0,1,2,22,1,1,1,1,2,0,1,2,2,2,0,0,0,0,1
3,1,1,1,1,2,0,1,2,1,1,1,2,24,2,1,1,2,2,3,1,4,2,2,3,0,2,0,2
3,1,1,1,1,2,0,1,2,0,1,0,2,29,2,1,2,2,3,3,1,2,1,2,2,0,2,0,2
6,0,1,1,1,1,0,1,1,1,1,1,1,30,1,1,1,6,6,2,1,4,2,3,3,1,2,1,0
3,1,1,1,1,1,1,1,1,0,1,1,1,25,1,1,2,2,3,3,1,3,2,2,0,0,0,0,2
6,0,1,2,1,2,0,1,0,0,0,0,0,39,1,1,1,6,2,2,1,0,1,2,0,1,1,1,0
3,1,1,1,1,1,2,1,0,0,1,1,2,31,1,1,2,2,1,3,1,1,2,2,0,0,1,0,1
3,1,1,1,0,1,0,2,2,1,1,0,2,25,1,1,1,2,2,3,1,4,2,1,2,0,2,0,2
5,0,1,1,1,1,0,0,0,0,0,0,0,39,1,1,1,7,2,1,1,1,0,2,1,1,1,1,0
6,1,1,1,1,1,0,1,2,1,1,1,2,31,2,1,2,6,5,0,1,4,0,2,0,1,0,1,0
4,1,1,1,0,2,0,2,1,0,0,0,0,35,1,1,1,3,2,1,2,4,0,2,2,0,2,2,2
3,1,1,1,1,2,0,2,2,1,1,1,2,31,3,1,2,2,2,3,1,2,1,2,4,0,2,0,2
6,1,1,1,1,1,0,1,2,1,1,1,2,23,1,1,1,1,2,0,3,3,2,2,2,0,2,0,2
6,1,1,1,1,1,0,1,2,1,1,1,1,30,1,1,0,7,4,0,2,4,0,2,1,1,0,1,0
2,1,1,2,2,1,0,0,0,0,0,0,0,28,1,1,1,0,3,2,1,2,1,2,0,0,0,0,1
6,1,1,1,0,2,0,0,2,1,0,2,1,23,2,1,0,4,1,0,2,4,0,2,4,1,2,2,0
3,1,1,2,1,1,0,1,2,1,1,1,1,26,2,1,0,4,3,3,0,3,2,2,1,0,0,2,2
3,1,1,1,1,1,0,1,1,1,1,1,2,24,2,1,0,4,2,2,1,4,2,2,3,0,2,2,2
6,1,1,1,1,1,0,2,0,0,0,0,0,32,1,1,0,2,2,1,1,0,2,2,2,0,1,0,1
3,1,1,1,0,2,0,1,2,1,1,1,2,35,1,1,2,2,1,3,1,4,0,2,4,0,2,0,2
4,1,1,2,1,1,2,1,1,0,0,1,2,30,1,1,1,0,1,4,0,2,2,2,0,0,0,0,1
3,1,1,1,1,1,1,2,2,1,1,1,2,32,1,1,1,3,2,1,1,2,2,2,0,0,0,2,1
2,0,1,1,1,1,0,2,1,1,1,1,2,35,1,1,0,4,2,0,1,2,2,2,0,0,0,2,1
3,1,1,1,1,2,0,1,1,1,1,1,1,26,2,1,2,3,2,0,1,2,0,2,0,0,0,2,1
4,0,1,1,1,1,1,1,2,1,1,1,1,30,2,1,1,7,3,3,1,4,2,2,1,1,0,1,0
3,1,1,2,1,1,1,1,1,0,1,1,2,29,1,1,0,3,4,1,1,3,2,2,3,0,2,2,2
6,1,1,1,1,2,0,1,0,0,0,0,0,39,1,1,2,6,1,4,1,0,2,2,3,1,1,1,0
6,0,1,1,1,1,0,1,1,1,1,1,2,37,1,1,0,2,3,1,2,4,2,4,3,0,2,0,2
3,1,1,1,1,1,0,1,0,0,0,0,0,35,1,1,1,2,5,0,2,0,0,2,3,0,1,0,1
1,1,1,0,0,2,0,1,2,1,1,1,2,25,2,1,1,2,4,0,2,4,1,2,2,0,2,0,2
6,0,1,2,1,1,1,1,1,1,1,1,2,22,3,1,0,4,4,3,1,4,2,2,0,1,0,2,0
3,1,1,0,1,1,0,1,1,1,1,1,1,33,1,1,0,4,6,2,3,4,2,2,4,0,2,2,2
1,1,1,1,1,1,0,1,2,1,1,1,2,23,1,1,1,2,2,1,2,4,2,2,0,0,0,0,2
3,1,1,1,1,2,0,1,2,1,1,0,1,29,1,1,1,2,2,3,1,4,1,2,3,0,2,0,2
3,1,1,1,1,1,2,1,2,1,1,1,1,28,1,1,2,5,3,0,2,4,0,2,2,1,2,2,0
6,1,1,1,1,1,0,1,2,1,1,1,2,30,1,1,0,4,2,4,0,4,0,2,0,1,0,2,0
4,1,1,2,1,1,0,1,2,1,1,1,1,28,1,1,1,4,1,3,0,3,1,2,1,1,0,2,0
2,1,1,1,1,2,0,1,1,1,1,1,1,28,2,1,2,8,2,4,0,4,2,2,1,1,0,1,0
6,0,1,1,1,1,0,1,2,1,0,0,2,37,1,1,0,4,1,3,1,4,2,2,0,1,0,2,0
3,1,1,0,1,2,0,1,2,1,0,1,1,30,1,1,1,4,2,3,1,4,1,2,1,0,0,2,2
2,1,1,1,1,0,0,1,2,1,1,2,2,27,1,1,1,3,0,2,2,4,3,2,0,0,0,2,2
3,1,1,1,1,2,0,1,2,1,1,2,2,29,1,1,1,2,1,3,1,4,2,2,3,0,2,0,2
6,1,1,1,1,1,0,1,1,1,1,2,2,28,1,1,0,2,2,0,1,3,2,2,1,0,0,0,2
2,1,1,0,0,2,0,1,2,1,1,1,2,26,3,1,1,0,1,0,2,4,1,2,3,0,2,0,2
4,1,1,2,2,1,0,1,2,1,1,1,1,29,1,1,1,3,4,0,1,4,3,2,1,0,0,2,2
3,1,1,1,1,1,0,1,0,0,0,0,0,34,1,1,1,2,4,3,1,0,3,2,2,0,1,0,1
4,1,1,2,2,0,1,1,2,1,1,1,1,36,1,1,2,8,4,3,0,1,2,2,2,1,1,1,0
3,1,1,1,1,2,0,1,2,1,1,1,2,38,1,1,0,1,2,0,3,1,0,2,3,0,2,0,2
2,1,1,2,1,1,0,1,2,1,1,2,2,22,2,1,1,3,2,0,2,2,2,2,2,0,2,2,2
1,1,1,2,1,1,1,2,0,0,0,1,1,24,1,1,1,5,2,2,0,0,2,2,1,0,1,2,1
4,0,1,2,1,0,0,2,2,1,1,1,2,24,2,1,1,5,1,4,0,4,4,1,0,1,0,2,0
5,1,1,2,2,1,0,1,2,1,1,1,1,36,2,1,0,5,5,3,0,4,2,2,1,1,0,2,0
6,0,1,1,1,1,0,1,2,1,1,1,2,24,2,1,0,2,2,1,1,4,2,2,1,0,0,0,2
5,1,1,1,1,1,0,1,0,0,0,0,0,24,1,1,0,0,2,1,1,0,2,2,1,0,1,0,1
3,1,1,1,1,1,0,1,2,1,1,0,2,31,1,1,0,0,2,0,3,4,2,2,2,0,2,0,2
3,1,1,1,1,1,1,1,2,1,0,1,2,39,1,1,0,5,5,0,2,2,0,2,0,1,0,2,0
6,1,1,2,1,1,0,1,2,1,1,1,2,41,1,1,1,8,3,2,2,4,0,2,1,1,0,1,0
3,1,1,1,1,1,0,1,1,0,0,0,0,29,1,1,2,2,2,3,1,2,2,2,0,0,0,0,1
3,1,1,2,1,1,0,1,0,0,0,0,0,37,1,1,0,0,1,3,1,1,2,2,0,0,1,0,1
3,1,1,1,1,2,0,2,0,0,0,0,0,30,1,1,2,3,4,2,1,0,2,2,3,0,1,2,1
4,1,1,1,1,1,0,0,0,0,0,0,0,24,1,1,1,6,2,1,0,0,2,2,0,1,1,1,0
4,1,1,1,1,1,1,1,2,1,1,1,2,22,2,1,1,0,4,2,1,3,2,2,1,0,0,0,2
4,1,1,2,2,1,0,1,1,0,0,1,1,24,1,1,1,7,3,3,0,2,1,2,0,1,0,1,0
4,1,1,1,1,1,1,1,2,1,1,1,2,26,2,1,1,3,4,2,1,3,2,3,2,0,2,2,2
5,1,1,2,1,1,0,2,2,1,1,1,2,38,2,1,2,2,2,4,0,4,1,2,4,0,2,0,2
3,1,1,1,1,1,0,1,0,0,1,0,0,34,2,1,1,2,5,3,1,2,2,2,1,0,0,0,1
3,1,1,1,1,1,0,1,0,1,0,1,2,56,1,1,1,2,2,3,1,2,2,1,1,0,0,0,1
4,1,1,1,1,2,0,1,1,1,1,1,1,52,1,1,1,8,3,4,2,4,2,3,3,1,2,1,0
4,0,1,1,1,2,0,1,2,1,0,1,2,30,2,1,1,4,1,3,1,3,0,2,2,1,2,2,2
4,1,1,1,1,1,0,1,2,0,0,0,2,25,3,1,1,2,2,2,1,3,2,2,1,0,0,0,2
